Census_Code_2021,Census_Name_2021,Area sqkm
POA2448,"2448, NSW",115.0676
POA2000,"2000, NSW",4.2871
POA2007,"2007, NSW",0.5588
POA2008,"2008, NSW",0.845
POA2009,"2009, NSW",0.9299
POA2010,"2010, NSW",2.1733
POA2011,"2011, NSW",1.4054
POA2015,"2015, NSW",4.2157
POA2016,"2016, NSW",1.1717
POA2017,"2017, NSW",1.9386
POA2018,"2018, NSW",3.9305
POA2019,"2019, NSW",7.3691
POA2020,"2020, NSW",11.9607
POA2021,"2021, NSW",5.7186
POA2022,"2022, NSW",1.9228
POA2023,"2023, NSW",2.3731
POA2024,"2024, NSW",1.9321
POA2025,"2025, NSW",1.2307
POA2026,"2026, NSW",3.6477
POA2027,"2027, NSW",1.3761
POA2028,"2028, NSW",0.7929
POA2029,"2029, NSW",2.5286
POA2030,"2030, NSW",4.6636
POA2031,"2031, NSW",6.094
POA2032,"2032, NSW",2.475
POA2033,"2033, NSW",2.6691
POA2034,"2034, NSW",3.0497
POA2035,"2035, NSW",8.1207
POA2036,"2036, NSW",15.7131
POA2037,"2037, NSW",2.1374
POA2038,"2038, NSW",1.4931
POA2039,"2039, NSW",1.8337
POA2040,"2040, NSW",4.754
POA2041,"2041, NSW",2.4666
POA2042,"2042, NSW",2.0446
POA2043,"2043, NSW",0.8075
POA2044,"2044, NSW",3.8539
POA2045,"2045, NSW",2.3828
POA2046,"2046, NSW",6.0148
POA2047,"2047, NSW",2.3101
POA2048,"2048, NSW",1.218
POA2049,"2049, NSW",1.929
POA2050,"2050, NSW",1.5031
POA2060,"2060, NSW",2.6912
POA2061,"2061, NSW",0.6316
POA2062,"2062, NSW",1.5527
POA2063,"2063, NSW",2.7281
POA2064,"2064, NSW",2.5348
POA2065,"2065, NSW",5.6781
POA2066,"2066, NSW",9.5786
POA2067,"2067, NSW",5.8196
POA2068,"2068, NSW",5.6655
POA2069,"2069, NSW",7.5302
POA2070,"2070, NSW",7.4617
POA2071,"2071, NSW",7.8221
POA2072,"2072, NSW",3.7885
POA2073,"2073, NSW",10.2515
POA2074,"2074, NSW",22.0151
POA2075,"2075, NSW",17.7425
POA2076,"2076, NSW",15.8484
POA2077,"2077, NSW",22.8664
POA2079,"2079, NSW",11.0623
POA2080,"2080, NSW",10.5767
POA2081,"2081, NSW",40.1939
POA2082,"2082, NSW",9.6876
POA2083,"2083, NSW",45.774
POA2084,"2084, NSW",107.3731
POA2085,"2085, NSW",16.0513
POA2086,"2086, NSW",8.0742
POA2087,"2087, NSW",8.9311
POA2088,"2088, NSW",8.6503
POA2089,"2089, NSW",1.5036
POA2090,"2090, NSW",2.0654
POA2092,"2092, NSW",3.1079
POA2093,"2093, NSW",7.529
POA2094,"2094, NSW",1.1683
POA2095,"2095, NSW",5.5668
POA2096,"2096, NSW",3.4532
POA2097,"2097, NSW",4.7508
POA2099,"2099, NSW",18.7149
POA2100,"2100, NSW",13.4698
POA2101,"2101, NSW",26.6694
POA2102,"2102, NSW",4.136
POA2103,"2103, NSW",4.6646
POA2104,"2104, NSW",3.7163
POA2105,"2105, NSW",2.1888
POA2106,"2106, NSW",3.8119
POA2107,"2107, NSW",7.8756
POA2108,"2108, NSW",2.9542
POA2110,"2110, NSW",4.3304
POA2111,"2111, NSW",4.7162
POA2112,"2112, NSW",9.3018
POA2113,"2113, NSW",13.2159
POA2114,"2114, NSW",7.3639
POA2115,"2115, NSW",3.9347
POA2116,"2116, NSW",3.7975
POA2117,"2117, NSW",7.1268
POA2118,"2118, NSW",8.5068
POA2119,"2119, NSW",6.7407
POA2120,"2120, NSW",13.8137
POA2121,"2121, NSW",9.2015
POA2122,"2122, NSW",9.0576
POA2125,"2125, NSW",9.2916
POA2126,"2126, NSW",8.2603
POA2127,"2127, NSW",8.1408
POA2128,"2128, NSW",2.7
POA2130,"2130, NSW",1.2031
POA2131,"2131, NSW",3.4144
POA2132,"2132, NSW",2.4354
POA2133,"2133, NSW",2.5503
POA2134,"2134, NSW",2.4456
POA2135,"2135, NSW",6.5375
POA2136,"2136, NSW",3.4638
POA2137,"2137, NSW",7.3557
POA2138,"2138, NSW",3.7811
POA2140,"2140, NSW",3.7487
POA2141,"2141, NSW",11.9359
POA2142,"2142, NSW",10.9833
POA2143,"2143, NSW",4.3104
POA2144,"2144, NSW",8.5637
POA2145,"2145, NSW",27.5671
POA2146,"2146, NSW",6.0077
POA2147,"2147, NSW",15.9973
POA2148,"2148, NSW",37.6817
POA2150,"2150, NSW",5.8687
POA2151,"2151, NSW",10.7334
POA2152,"2152, NSW",4.2857
POA2153,"2153, NSW",25.5852
POA2154,"2154, NSW",18.8102
POA2155,"2155, NSW",36.388
POA2156,"2156, NSW",62.9548
POA2157,"2157, NSW",148.4858
POA2158,"2158, NSW",41.7948
POA2159,"2159, NSW",127.4464
POA2160,"2160, NSW",8.4346
POA2161,"2161, NSW",11.2122
POA2162,"2162, NSW",5.7908
POA2163,"2163, NSW",6.3533
POA2164,"2164, NSW",20.5159
POA2165,"2165, NSW",11.12
POA2166,"2166, NSW",15.2543
POA2167,"2167, NSW",6.9946
POA2168,"2168, NSW",12.8684
POA2170,"2170, NSW",54.319
POA2171,"2171, NSW",21.5331
POA2172,"2172, NSW",3.6787
POA2173,"2173, NSW",192.8683
POA2174,"2174, NSW",6.0563
POA2175,"2175, NSW",21.9683
POA2176,"2176, NSW",19.8468
POA2177,"2177, NSW",5.1959
POA2178,"2178, NSW",54.3241
POA2179,"2179, NSW",36.53
POA2190,"2190, NSW",9.7772
POA2191,"2191, NSW",1.7826
POA2192,"2192, NSW",2.731
POA2193,"2193, NSW",4.1963
POA2194,"2194, NSW",3.3734
POA2195,"2195, NSW",3.5488
POA2196,"2196, NSW",7.0679
POA2197,"2197, NSW",2.9286
POA2198,"2198, NSW",3.3233
POA2199,"2199, NSW",4.6181
POA2200,"2200, NSW",13.9792
POA2203,"2203, NSW",2.0929
POA2204,"2204, NSW",5.7904
POA2205,"2205, NSW",4.244
POA2206,"2206, NSW",5.9786
POA2207,"2207, NSW",7.1852
POA2208,"2208, NSW",4.459
POA2209,"2209, NSW",4.2502
POA2210,"2210, NSW",11.0963
POA2211,"2211, NSW",7.3323
POA2212,"2212, NSW",6.4088
POA2213,"2213, NSW",10.0369
POA2214,"2214, NSW",5.3711
POA2216,"2216, NSW",5.5962
POA2217,"2217, NSW",6.2487
POA2218,"2218, NSW",2.6615
POA2219,"2219, NSW",3.7807
POA2220,"2220, NSW",5.144
POA2221,"2221, NSW",5.3796
POA2222,"2222, NSW",2.5457
POA2223,"2223, NSW",7.253
POA2224,"2224, NSW",4.6882
POA2225,"2225, NSW",2.1022
POA2226,"2226, NSW",5.2222
POA2227,"2227, NSW",4.5976
POA2228,"2228, NSW",5.9464
POA2229,"2229, NSW",10.7805
POA2230,"2230, NSW",9.0449
POA2231,"2231, NSW",19.3454
POA2232,"2232, NSW",153.5693
POA2233,"2233, NSW",40.831
POA2234,"2234, NSW",39.7248
POA2250,"2250, NSW",691.6342
POA2251,"2251, NSW",43.5444
POA2256,"2256, NSW",72.7648
POA2257,"2257, NSW",29.3795
POA2258,"2258, NSW",121.2568
POA2259,"2259, NSW",524.7348
POA2260,"2260, NSW",23.6207
POA2261,"2261, NSW",51.4591
POA2262,"2262, NSW",33.7717
POA2263,"2263, NSW",22.3942
POA2264,"2264, NSW",115.1942
POA2265,"2265, NSW",136.0018
POA2267,"2267, NSW",3.6556
POA2278,"2278, NSW",45.0568
POA2280,"2280, NSW",27.927
POA2281,"2281, NSW",30.9078
POA2282,"2282, NSW",11.2261
POA2283,"2283, NSW",59.2496
POA2284,"2284, NSW",24.2726
POA2285,"2285, NSW",32.3918
POA2286,"2286, NSW",25.2353
POA2287,"2287, NSW",38.0741
POA2289,"2289, NSW",11.413
POA2290,"2290, NSW",35.6998
POA2291,"2291, NSW",7.1942
POA2292,"2292, NSW",2.873
POA2293,"2293, NSW",1.326
POA2294,"2294, NSW",2.0392
POA2295,"2295, NSW",11.9768
POA2296,"2296, NSW",0.7062
POA2297,"2297, NSW",0.801
POA2298,"2298, NSW",4.0311
POA2299,"2299, NSW",5.2319
POA2300,"2300, NSW",3.4557
POA2302,"2302, NSW",0.8095
POA2303,"2303, NSW",3.0401
POA2304,"2304, NSW",39.3891
POA2305,"2305, NSW",8.894
POA2306,"2306, NSW",1.777
POA2307,"2307, NSW",6.5582
POA2308,"2308, NSW",1.7907
POA2311,"2311, NSW",783.5898
POA2312,"2312, NSW",181.2071
POA2315,"2315, NSW",32.3446
POA2316,"2316, NSW",73.9271
POA2317,"2317, NSW",9.734
POA2318,"2318, NSW",259.5244
POA2319,"2319, NSW",29.6406
POA2320,"2320, NSW",403.8742
POA2321,"2321, NSW",361.6288
POA2322,"2322, NSW",168.2091
POA2323,"2323, NSW",207.9467
POA2324,"2324, NSW",627.1611
POA2325,"2325, NSW",1605.0648
POA2326,"2326, NSW",80.9068
POA2327,"2327, NSW",15.0694
POA2328,"2328, NSW",1634.8508
POA2329,"2329, NSW",3056.2045
POA2330,"2330, NSW",4730.8949
POA2331,"2331, NSW",137.2978
POA2333,"2333, NSW",1691.3907
POA2334,"2334, NSW",20.7073
POA2335,"2335, NSW",268.4372
POA2336,"2336, NSW",888.9717
POA2337,"2337, NSW",3331.7268
POA2338,"2338, NSW",989.4776
POA2339,"2339, NSW",1120.8458
POA2340,"2340, NSW",3352.9983
POA2341,"2341, NSW",227.9108
POA2342,"2342, NSW",561.0816
POA2343,"2343, NSW",3352.8926
POA2344,"2344, NSW",339.1674
POA2345,"2345, NSW",291.7831
POA2346,"2346, NSW",1967.8028
POA2347,"2347, NSW",3035.4851
POA2350,"2350, NSW",4543.2274
POA2352,"2352, NSW",434.2708
POA2353,"2353, NSW",198.8995
POA2354,"2354, NSW",7142.1491
POA2355,"2355, NSW",918.5516
POA2356,"2356, NSW",542.7306
POA2357,"2357, NSW",3305.5418
POA2358,"2358, NSW",1905.5433
POA2359,"2359, NSW",1294.1139
POA2360,"2360, NSW",3385.2978
POA2361,"2361, NSW",1963.1502
POA2365,"2365, NSW",3804.6687
POA2369,"2369, NSW",347.5058
POA2370,"2370, NSW",4769.4223
POA2371,"2371, NSW",1900.6028
POA2372,"2372, NSW",4894.7861
POA2379,"2379, NSW",1114.41
POA2380,"2380, NSW",2089.1897
POA2381,"2381, NSW",2052.3174
POA2382,"2382, NSW",1826.3389
POA2386,"2386, NSW",1979.4029
POA2387,"2387, NSW",1388.5196
POA2388,"2388, NSW",6699.0871
POA2390,"2390, NSW",4217.1072
POA2395,"2395, NSW",1113.5695
POA2396,"2396, NSW",1826.7503
POA2397,"2397, NSW",1694.9079
POA2398,"2398, NSW",953.5519
POA2399,"2399, NSW",806.3754
POA2400,"2400, NSW",7569.0088
POA2401,"2401, NSW",652.7933
POA2402,"2402, NSW",1631.0064
POA2403,"2403, NSW",1006.9407
POA2404,"2404, NSW",1992.4546
POA2405,"2405, NSW",3418.239
POA2408,"2408, NSW",1561.154
POA2409,"2409, NSW",1607.1651
POA2410,"2410, NSW",1530.5927
POA2411,"2411, NSW",396.9284
POA2415,"2415, NSW",451.8325
POA2420,"2420, NSW",1023.5128
POA2421,"2421, NSW",244.7457
POA2422,"2422, NSW",3212.5916
POA2423,"2423, NSW",1346.2284
POA2424,"2424, NSW",881.6889
POA2425,"2425, NSW",518.0099
POA2426,"2426, NSW",71.3349
POA2427,"2427, NSW",39.8682
POA2428,"2428, NSW",320.9401
POA2429,"2429, NSW",1799.9008
POA2430,"2430, NSW",843.4816
POA2431,"2431, NSW",45.9673
POA2439,"2439, NSW",362.4229
POA2440,"2440, NSW",3604.2396
POA2441,"2441, NSW",992.7849
POA2443,"2443, NSW",312.5374
POA2444,"2444, NSW",222.4491
POA2445,"2445, NSW",76.8106
POA2446,"2446, NSW",2233.1607
POA2447,"2447, NSW",566.6442
POA2898,"2898, NSW",16.2918
POA2449,"2449, NSW",570.7344
POA2450,"2450, NSW",1019.718
POA2452,"2452, NSW",12.7764
POA2453,"2453, NSW",2157.9951
POA2454,"2454, NSW",975.6046
POA2455,"2455, NSW",48.0551
POA2456,"2456, NSW",205.4443
POA2460,"2460, NSW",6630.3495
POA2462,"2462, NSW",470.532
POA2463,"2463, NSW",549.2925
POA2464,"2464, NSW",102.8533
POA2465,"2465, NSW",23.5903
POA2466,"2466, NSW",14.3561
POA2469,"2469, NSW",3813.3747
POA2470,"2470, NSW",1256.5159
POA2471,"2471, NSW",442.1506
POA2472,"2472, NSW",466.4076
POA2473,"2473, NSW",31.366
POA2474,"2474, NSW",1537.5939
POA2475,"2475, NSW",494.7232
POA2476,"2476, NSW",805.3354
POA2477,"2477, NSW",227.642
POA2478,"2478, NSW",185.6804
POA2479,"2479, NSW",164.5709
POA2480,"2480, NSW",1369.4565
POA2481,"2481, NSW",131.029
POA2482,"2482, NSW",180.2681
POA2483,"2483, NSW",182.7314
POA2484,"2484, NSW",972.2983
POA2485,"2485, NSW",13.73
POA2486,"2486, NSW",100.3781
POA2487,"2487, NSW",66.6066
POA2488,"2488, NSW",13.626
POA2489,"2489, NSW",14.5419
POA2490,"2490, NSW",22.4375
POA2500,"2500, NSW",27.1582
POA2502,"2502, NSW",9.1601
POA2505,"2505, NSW",13.8266
POA2506,"2506, NSW",7.3207
POA2508,"2508, NSW",162.241
POA2515,"2515, NSW",14.2268
POA2516,"2516, NSW",8.6615
POA2517,"2517, NSW",9.0099
POA2518,"2518, NSW",12.7193
POA2519,"2519, NSW",9.2816
POA2525,"2525, NSW",8.5595
POA2526,"2526, NSW",132.2947
POA2527,"2527, NSW",96.0646
POA2528,"2528, NSW",11.2805
POA2529,"2529, NSW",40.4513
POA2530,"2530, NSW",88.3672
POA2533,"2533, NSW",106.4039
POA2534,"2534, NSW",76.2287
POA2535,"2535, NSW",247.9753
POA2536,"2536, NSW",974.8377
POA2537,"2537, NSW",1167.0234
POA2538,"2538, NSW",390.494
POA2539,"2539, NSW",686.0289
POA2541,"2541, NSW",45.432
POA2545,"2545, NSW",876.5468
POA2546,"2546, NSW",911.2673
POA2548,"2548, NSW",120.1179
POA2549,"2549, NSW",222.9511
POA2550,"2550, NSW",3966.6591
POA2551,"2551, NSW",1397.7681
POA2555,"2555, NSW",26.981
POA2556,"2556, NSW",40.2134
POA2557,"2557, NSW",37.1205
POA2558,"2558, NSW",7.6039
POA2559,"2559, NSW",4.3495
POA2560,"2560, NSW",411.3136
POA2563,"2563, NSW",11.5603
POA2564,"2564, NSW",9.0236
POA2565,"2565, NSW",29.7009
POA2566,"2566, NSW",28.3019
POA2567,"2567, NSW",31.1557
POA2568,"2568, NSW",34.0936
POA2569,"2569, NSW",26.7707
POA2570,"2570, NSW",469.0775
POA2571,"2571, NSW",250.2842
POA2572,"2572, NSW",106.1734
POA2573,"2573, NSW",16.9784
POA2574,"2574, NSW",350.23
POA2575,"2575, NSW",981.4743
POA2576,"2576, NSW",174.2442
POA2577,"2577, NSW",1312.519
POA2578,"2578, NSW",47.9223
POA2579,"2579, NSW",860.117
POA2580,"2580, NSW",5512.6655
POA2581,"2581, NSW",2106.6075
POA2582,"2582, NSW",3130.1184
POA2583,"2583, NSW",3382.6891
POA2584,"2584, NSW",281.3129
POA2585,"2585, NSW",260.132
POA2586,"2586, NSW",2323.2503
POA2587,"2587, NSW",921.8587
POA2588,"2588, NSW",218.0548
POA2590,"2590, NSW",1320.4637
POA2594,"2594, NSW",2418.7155
POA2619,"2619, NSW",11.3316
POA2621,"2621, NSW",853.2512
POA2622,"2622, NSW",4256.1145
POA2623,"2623, NSW",166.9084
POA2624,"2624, NSW",348.5647
POA2625,"2625, NSW",1.0856
POA2626,"2626, NSW",383.5704
POA2627,"2627, NSW",1994.6112
POA2628,"2628, NSW",2337.0094
POA2629,"2629, NSW",2054.5144
POA2630,"2630, NSW",4206.3548
POA2631,"2631, NSW",1199.4934
POA2632,"2632, NSW",1824.9879
POA2633,"2633, NSW",766.4927
POA2640,"2640, NSW",1029.4042
POA2641,"2641, NSW",33.5384
POA2642,"2642, NSW",4076.8
POA2643,"2643, NSW",156.4024
POA2644,"2644, NSW",2157.7365
POA2645,"2645, NSW",1181.6879
POA2646,"2646, NSW",2895.4549
POA2647,"2647, NSW",357.3501
POA2648,"2648, NSW",23909.7281
POA2649,"2649, NSW",247.113
POA2650,"2650, NSW",4061.238
POA2651,"2651, NSW",34.62
POA2652,"2652, NSW",6116.1137
POA2653,"2653, NSW",1228.8205
POA2655,"2655, NSW",427.2763
POA2656,"2656, NSW",1497.1368
POA2658,"2658, NSW",748.0545
POA2659,"2659, NSW",367.5445
POA2660,"2660, NSW",451.2793
POA2661,"2661, NSW",14.7623
POA2663,"2663, NSW",492.6429
POA2665,"2665, NSW",4109.6274
POA2666,"2666, NSW",2462.5855
POA2668,"2668, NSW",708.1132
POA2669,"2669, NSW",6295.346
POA2671,"2671, NSW",3297.7351
POA2672,"2672, NSW",1794.2389
POA2675,"2675, NSW",8518.5583
POA2678,"2678, NSW",3.5099
POA2680,"2680, NSW",1894.4513
POA2681,"2681, NSW",471.7587
POA2700,"2700, NSW",3016.2983
POA2701,"2701, NSW",852.1158
POA2702,"2702, NSW",439.8686
POA2703,"2703, NSW",56.8879
POA2705,"2705, NSW",1129.1529
POA2706,"2706, NSW",725.4016
POA2707,"2707, NSW",2112.3439
POA2710,"2710, NSW",10466.1631
POA2711,"2711, NSW",24180.255
POA2712,"2712, NSW",966.5102
POA2713,"2713, NSW",970.31
POA2714,"2714, NSW",708.9706
POA2715,"2715, NSW",13749.9032
POA2716,"2716, NSW",2861.8271
POA2717,"2717, NSW",120.7928
POA2720,"2720, NSW",2485.6548
POA2721,"2721, NSW",539.5029
POA2722,"2722, NSW",1576.1373
POA2725,"2725, NSW",262.3734
POA2726,"2726, NSW",160.6689
POA2727,"2727, NSW",772.9227
POA2729,"2729, NSW",933.1202
POA2730,"2730, NSW",420.4856
POA2731,"2731, NSW",1428.1661
POA2732,"2732, NSW",1849.8263
POA2733,"2733, NSW",2279.3516
POA2734,"2734, NSW",1755.2448
POA2735,"2735, NSW",271.5656
POA2736,"2736, NSW",213.1077
POA2737,"2737, NSW",3345.8754
POA2738,"2738, NSW",2066.851
POA2739,"2739, NSW",50.1706
POA2745,"2745, NSW",168.7608
POA2747,"2747, NSW",55.0667
POA2748,"2748, NSW",43.0734
POA2749,"2749, NSW",47.0936
POA2750,"2750, NSW",35.3705
POA2752,"2752, NSW",53.5688
POA2753,"2753, NSW",169.4419
POA2754,"2754, NSW",34.3251
POA2756,"2756, NSW",1486.8709
POA2757,"2757, NSW",8.3269
POA2758,"2758, NSW",572.1443
POA2759,"2759, NSW",15.5979
POA2760,"2760, NSW",19.9308
POA2761,"2761, NSW",14.7648
POA2762,"2762, NSW",12.5171
POA2763,"2763, NSW",13.0157
POA2765,"2765, NSW",127.5271
POA2766,"2766, NSW",27.2383
POA2767,"2767, NSW",10.1088
POA2768,"2768, NSW",9.0194
POA2769,"2769, NSW",4.6534
POA2770,"2770, NSW",24.7303
POA2773,"2773, NSW",8.3936
POA2774,"2774, NSW",21.2999
POA2775,"2775, NSW",833.1402
POA2776,"2776, NSW",14.932
POA2777,"2777, NSW",54.7327
POA2778,"2778, NSW",20.9602
POA2779,"2779, NSW",12.4995
POA2780,"2780, NSW",38.4603
POA2782,"2782, NSW",21.0358
POA2783,"2783, NSW",7.2887
POA2784,"2784, NSW",6.1389
POA2785,"2785, NSW",128.6447
POA2786,"2786, NSW",84.7603
POA2787,"2787, NSW",4632.7818
POA2790,"2790, NSW",2481.3231
POA2791,"2791, NSW",184.9651
POA2792,"2792, NSW",369.6931
POA2793,"2793, NSW",648.0055
POA2794,"2794, NSW",1408.2658
POA2795,"2795, NSW",5307.5248
POA2797,"2797, NSW",147.8245
POA2798,"2798, NSW",268.7089
POA2799,"2799, NSW",630.7998
POA2800,"2800, NSW",1993.9511
POA2803,"2803, NSW",342.0982
POA2804,"2804, NSW",878.0498
POA2805,"2805, NSW",289.854
POA2806,"2806, NSW",519.6961
POA2807,"2807, NSW",299.7008
POA2808,"2808, NSW",242.5414
POA2809,"2809, NSW",163.0067
POA2810,"2810, NSW",2658.971
POA2817,"2817, NSW",961.4848
POA2818,"2818, NSW",471.7655
POA2820,"2820, NSW",2438.751
POA2821,"2821, NSW",2339.8603
POA2822,"2822, NSW",501.7243
POA2823,"2823, NSW",2782.3577
POA2824,"2824, NSW",4843.6
POA2825,"2825, NSW",7188.4073
POA2826,"2826, NSW",1153.7892
POA2827,"2827, NSW",2964.6885
POA2828,"2828, NSW",2375.64
POA2829,"2829, NSW",6318.8294
POA2830,"2830, NSW",3017.4938
POA2831,"2831, NSW",22389.3649
POA2832,"2832, NSW",9695.0643
POA2833,"2833, NSW",5044.6803
POA2834,"2834, NSW",2828.007
POA2835,"2835, NSW",29975.1826
POA2836,"2836, NSW",31517.8004
POA2838,"2838, NSW",3487.8165
POA2839,"2839, NSW",12282.839
POA2840,"2840, NSW",62474.6022
POA2842,"2842, NSW",1317.6706
POA2843,"2843, NSW",1590.9154
POA2844,"2844, NSW",1821.5658
POA2845,"2845, NSW",67.0705
POA2846,"2846, NSW",591.8498
POA2847,"2847, NSW",98.897
POA2848,"2848, NSW",166.2149
POA2849,"2849, NSW",2801.0405
POA2850,"2850, NSW",6005.3758
POA2852,"2852, NSW",1240.991
POA2864,"2864, NSW",438.2457
POA2865,"2865, NSW",620.1745
POA2866,"2866, NSW",1198.7089
POA2867,"2867, NSW",1042.378
POA2868,"2868, NSW",777.9814
POA2869,"2869, NSW",2103.7978
POA2870,"2870, NSW",2453.9995
POA2871,"2871, NSW",3837.8532
POA2873,"2873, NSW",3202.9936
POA2874,"2874, NSW",1358.1326
POA2875,"2875, NSW",2311.0022
POA2876,"2876, NSW",935.4993
POA2877,"2877, NSW",15332.1603
POA2878,"2878, NSW",18261.1234
POA2879,"2879, NSW",13320.0094
POA2880,"2880, NSW",66191.4077
POA2406,2406 crosses NSW/QLD,3283.9561
POA2540,2540 crosses NSW/OT,1900.6655
POA2620,2620 crosses NSW/ACT,2869.8201
POA3003,"3003, VIC",6.5822
POA3004,"3004, VIC",4.0421
POA3006,"3006, VIC",1.8542
POA3008,"3008, VIC",3.148
POA3011,"3011, VIC",5.9664
POA3012,"3012, VIC",15.258
POA3013,"3013, VIC",5.6587
POA3015,"3015, VIC",8.8059
POA3016,"3016, VIC",7.3729
POA3018,"3018, VIC",17.6826
POA3019,"3019, VIC",4.3246
POA3020,"3020, VIC",25.1062
POA3021,"3021, VIC",19.4985
POA3022,"3022, VIC",2.1307
POA3023,"3023, VIC",39.5156
POA3024,"3024, VIC",143.8812
POA3025,"3025, VIC",14.0387
POA3026,"3026, VIC",28.0154
POA3027,"3027, VIC",3.8324
POA3028,"3028, VIC",15.9215
POA3029,"3029, VIC",117.7951
POA3030,"3030, VIC",240.1449
POA3031,"3031, VIC",5.0163
POA3032,"3032, VIC",9.7503
POA3033,"3033, VIC",9.0694
POA3034,"3034, VIC",5.4087
POA3036,"3036, VIC",18.1531
POA3037,"3037, VIC",22.5466
POA3038,"3038, VIC",13.3509
POA3039,"3039, VIC",4.3551
POA3040,"3040, VIC",8.7364
POA3041,"3041, VIC",8.2317
POA3042,"3042, VIC",8.8886
POA3043,"3043, VIC",12.4013
POA3044,"3044, VIC",8.0231
POA3045,"3045, VIC",27.0408
POA3046,"3046, VIC",14.2984
POA3047,"3047, VIC",11.4857
POA3048,"3048, VIC",7.7607
POA3049,"3049, VIC",10.072
POA3051,"3051, VIC",2.3457
POA3052,"3052, VIC",4.0649
POA3053,"3053, VIC",1.749
POA3054,"3054, VIC",2.3042
POA3055,"3055, VIC",3.2333
POA3056,"3056, VIC",4.9839
POA3057,"3057, VIC",2.2572
POA3058,"3058, VIC",11.7022
POA3059,"3059, VIC",30.5625
POA3060,"3060, VIC",5.2301
POA3061,"3061, VIC",12.247
POA3062,"3062, VIC",5.4102
POA3063,"3063, VIC",45.0391
POA3064,"3064, VIC",132.217
POA3065,"3065, VIC",1.4195
POA3066,"3066, VIC",1.3265
POA3067,"3067, VIC",1.8302
POA3068,"3068, VIC",4.0529
POA3070,"3070, VIC",6.0094
POA3071,"3071, VIC",5.1328
POA3072,"3072, VIC",11.4069
POA3073,"3073, VIC",19.0274
POA3074,"3074, VIC",14.7441
POA3075,"3075, VIC",7.7247
POA3076,"3076, VIC",35.2737
POA3078,"3078, VIC",6.3555
POA3079,"3079, VIC",7.5901
POA3081,"3081, VIC",6.231
POA3082,"3082, VIC",13.066
POA3083,"3083, VIC",18.5062
POA3084,"3084, VIC",13.1099
POA3085,"3085, VIC",7.5041
POA3087,"3087, VIC",3.7508
POA3088,"3088, VIC",13.2315
POA3089,"3089, VIC",17.836
POA3090,"3090, VIC",10.9752
POA3091,"3091, VIC",15.3453
POA3093,"3093, VIC",6.8224
POA3094,"3094, VIC",3.8318
POA3095,"3095, VIC",30.2143
POA3096,"3096, VIC",8.9885
POA3097,"3097, VIC",39.7808
POA3099,"3099, VIC",99.9978
POA3101,"3101, VIC",10.4848
POA3102,"3102, VIC",4.0647
POA3103,"3103, VIC",5.2739
POA3104,"3104, VIC",9.0929
POA3105,"3105, VIC",6.5138
POA3106,"3106, VIC",16.1176
POA3107,"3107, VIC",5.9227
POA3108,"3108, VIC",8.8038
POA3109,"3109, VIC",11.1081
POA3111,"3111, VIC",11.691
POA3113,"3113, VIC",26.1086
POA3114,"3114, VIC",9.4751
POA3115,"3115, VIC",23.2172
POA3116,"3116, VIC",22.2024
POA3121,"3121, VIC",6.2124
POA3122,"3122, VIC",5.8773
POA3123,"3123, VIC",3.4843
POA3124,"3124, VIC",7.589
POA3125,"3125, VIC",6.0826
POA3126,"3126, VIC",3.1303
POA3127,"3127, VIC",6.1341
POA3128,"3128, VIC",7.0123
POA3129,"3129, VIC",6.1311
POA3130,"3130, VIC",12.2042
POA3131,"3131, VIC",9.1487
POA3132,"3132, VIC",6.6271
POA3133,"3133, VIC",10.7938
POA3134,"3134, VIC",22.8758
POA3135,"3135, VIC",9.183
POA3136,"3136, VIC",23.0084
POA3137,"3137, VIC",12.6832
POA3138,"3138, VIC",12.5016
POA3139,"3139, VIC",238.1913
POA3140,"3140, VIC",29.1737
POA3141,"3141, VIC",3.5475
POA3142,"3142, VIC",4.2727
POA3143,"3143, VIC",2.1647
POA3144,"3144, VIC",3.4212
POA3145,"3145, VIC",8.9808
POA3146,"3146, VIC",8.2367
POA3147,"3147, VIC",5.4627
POA3148,"3148, VIC",2.9967
POA3149,"3149, VIC",15.1846
POA3150,"3150, VIC",27.2797
POA3151,"3151, VIC",4.2629
POA3152,"3152, VIC",22.2598
POA3153,"3153, VIC",14.4818
POA3154,"3154, VIC",6.3676
POA3155,"3155, VIC",11.3404
POA3156,"3156, VIC",53.5101
POA3158,"3158, VIC",6.2172
POA3159,"3159, VIC",14.0266
POA3160,"3160, VIC",20.945
POA3161,"3161, VIC",4.2015
POA3162,"3162, VIC",4.7426
POA3163,"3163, VIC",7.213
POA3165,"3165, VIC",9.0148
POA3166,"3166, VIC",8.4651
POA3167,"3167, VIC",6.6515
POA3168,"3168, VIC",9.4112
POA3169,"3169, VIC",11.4472
POA3170,"3170, VIC",10.7189
POA3171,"3171, VIC",11.0861
POA3172,"3172, VIC",12.7476
POA3173,"3173, VIC",21.7137
POA3174,"3174, VIC",12.3027
POA3175,"3175, VIC",73.8315
POA3177,"3177, VIC",5.1935
POA3178,"3178, VIC",21.7653
POA3179,"3179, VIC",8.6902
POA3180,"3180, VIC",5.6689
POA3181,"3181, VIC",2.914
POA3182,"3182, VIC",3.7075
POA3183,"3183, VIC",3.0288
POA3184,"3184, VIC",2.5953
POA3185,"3185, VIC",3.1474
POA3186,"3186, VIC",8.3701
POA3187,"3187, VIC",5.6196
POA3188,"3188, VIC",5.746
POA3189,"3189, VIC",4.5832
POA3190,"3190, VIC",3.6581
POA3191,"3191, VIC",3.7129
POA3192,"3192, VIC",10.5931
POA3193,"3193, VIC",8.3259
POA3194,"3194, VIC",7.5255
POA3195,"3195, VIC",24.4768
POA3196,"3196, VIC",10.6833
POA3197,"3197, VIC",5.8242
POA3198,"3198, VIC",12.3974
POA3199,"3199, VIC",34.3393
POA3200,"3200, VIC",5.1183
POA3201,"3201, VIC",20.308
POA3202,"3202, VIC",7.1165
POA3204,"3204, VIC",8.3629
POA3205,"3205, VIC",2.1899
POA3206,"3206, VIC",3.6867
POA3207,"3207, VIC",9.6687
POA3211,"3211, VIC",181.1975
POA3212,"3212, VIC",189.5698
POA3213,"3213, VIC",250.7679
POA3214,"3214, VIC",27.2177
POA3215,"3215, VIC",17.082
POA3216,"3216, VIC",49.7062
POA3217,"3217, VIC",134.8365
POA3218,"3218, VIC",90.8863
POA3219,"3219, VIC",15.7874
POA3220,"3220, VIC",11.5417
POA3221,"3221, VIC",111.2254
POA3222,"3222, VIC",145.1237
POA3223,"3223, VIC",71.8555
POA3224,"3224, VIC",62.5186
POA3225,"3225, VIC",31.7232
POA3226,"3226, VIC",18.5052
POA3227,"3227, VIC",74.2735
POA3228,"3228, VIC",102.7527
POA3230,"3230, VIC",96.7604
POA3231,"3231, VIC",58.6744
POA3232,"3232, VIC",102.6521
POA3233,"3233, VIC",186.9825
POA3234,"3234, VIC",150.5727
POA3235,"3235, VIC",190.3812
POA3236,"3236, VIC",47.6929
POA3237,"3237, VIC",378.1372
POA3238,"3238, VIC",234.6113
POA3239,"3239, VIC",383.6799
POA3240,"3240, VIC",218.0904
POA3241,"3241, VIC",620.1286
POA3242,"3242, VIC",132.3472
POA3243,"3243, VIC",257.6269
POA3249,"3249, VIC",1244.1821
POA3250,"3250, VIC",82.9772
POA3251,"3251, VIC",292.1002
POA3254,"3254, VIC",17.6413
POA3260,"3260, VIC",1107.7264
POA3264,"3264, VIC",119.3816
POA3265,"3265, VIC",895.864
POA3266,"3266, VIC",568.1108
POA3267,"3267, VIC",93.4998
POA3268,"3268, VIC",585.1451
POA3269,"3269, VIC",201.1353
POA3270,"3270, VIC",40.1269
POA3271,"3271, VIC",436.6505
POA3272,"3272, VIC",673.721
POA3273,"3273, VIC",223.5373
POA3274,"3274, VIC",276.6066
POA3275,"3275, VIC",16.1264
POA3276,"3276, VIC",334.9388
POA3277,"3277, VIC",211.9207
POA3278,"3278, VIC",61.077
POA3279,"3279, VIC",125.9759
POA3280,"3280, VIC",77.5082
POA3281,"3281, VIC",160.21
POA3282,"3282, VIC",62.7127
POA3283,"3283, VIC",382.9763
POA3284,"3284, VIC",221.4754
POA3285,"3285, VIC",411.2
POA3286,"3286, VIC",389.2015
POA3287,"3287, VIC",330.531
POA3289,"3289, VIC",567.1775
POA3292,"3292, VIC",225.208
POA3293,"3293, VIC",482.5043
POA3294,"3294, VIC",931.4482
POA3300,"3300, VIC",322.628
POA3301,"3301, VIC",979.2958
POA3302,"3302, VIC",424.7183
POA3303,"3303, VIC",483.4426
POA3304,"3304, VIC",1981.3984
POA3305,"3305, VIC",801.8053
POA3309,"3309, VIC",113.6684
POA3310,"3310, VIC",123.2041
POA3311,"3311, VIC",371.1008
POA3312,"3312, VIC",2976.5808
POA3314,"3314, VIC",1399.1395
POA3315,"3315, VIC",1324.8193
POA3317,"3317, VIC",383.5895
POA3318,"3318, VIC",1302.0623
POA3319,"3319, VIC",578.9439
POA3321,"3321, VIC",327.7169
POA3322,"3322, VIC",114.677
POA3323,"3323, VIC",225.9969
POA3324,"3324, VIC",390.3996
POA3325,"3325, VIC",494.5392
POA3328,"3328, VIC",60.7586
POA3329,"3329, VIC",296.2173
POA3330,"3330, VIC",186.7436
POA3331,"3331, VIC",264.0579
POA3332,"3332, VIC",88.3235
POA3333,"3333, VIC",241.7508
POA3334,"3334, VIC",257.5762
POA3335,"3335, VIC",55.0875
POA3336,"3336, VIC",38.1776
POA3337,"3337, VIC",154.9073
POA3338,"3338, VIC",113.0558
POA3340,"3340, VIC",600.3246
POA3341,"3341, VIC",156.4306
POA3342,"3342, VIC",446.8081
POA3345,"3345, VIC",46.1058
POA3350,"3350, VIC",86.7261
POA3351,"3351, VIC",1517.8621
POA3352,"3352, VIC",1919.9313
POA3355,"3355, VIC",30.3597
POA3356,"3356, VIC",13.8417
POA3357,"3357, VIC",25.4355
POA3358,"3358, VIC",4.9151
POA3360,"3360, VIC",287.3113
POA3361,"3361, VIC",463.5322
POA3363,"3363, VIC",161.8011
POA3364,"3364, VIC",584.9719
POA3370,"3370, VIC",272.5268
POA3371,"3371, VIC",311.63
POA3373,"3373, VIC",888.3971
POA3374,"3374, VIC",154.9187
POA3375,"3375, VIC",367.2823
POA3377,"3377, VIC",1324.6382
POA3378,"3378, VIC",308.3383
POA3379,"3379, VIC",1386.9432
POA3380,"3380, VIC",93.1404
POA3381,"3381, VIC",783.8126
POA3384,"3384, VIC",625.3895
POA3385,"3385, VIC",836.426
POA3387,"3387, VIC",882.9256
POA3388,"3388, VIC",494.6358
POA3390,"3390, VIC",440.0354
POA3391,"3391, VIC",343.867
POA3392,"3392, VIC",609.7559
POA3393,"3393, VIC",1395.0468
POA3395,"3395, VIC",833.6486
POA3396,"3396, VIC",914.866
POA3400,"3400, VIC",23.8292
POA3401,"3401, VIC",4611.4465
POA3407,"3407, VIC",581.2878
POA3409,"3409, VIC",1588.7818
POA3412,"3412, VIC",323.2481
POA3413,"3413, VIC",977.4022
POA3414,"3414, VIC",693.9583
POA3415,"3415, VIC",47.4742
POA3418,"3418, VIC",2954.2891
POA3419,"3419, VIC",1027.2714
POA3420,"3420, VIC",1674.1958
POA3423,"3423, VIC",716.2215
POA3424,"3424, VIC",1363.5154
POA3427,"3427, VIC",67.7506
POA3428,"3428, VIC",33.6846
POA3429,"3429, VIC",173.6279
POA3430,"3430, VIC",86.8846
POA3431,"3431, VIC",72.5941
POA3432,"3432, VIC",27.6545
POA3433,"3433, VIC",25.7516
POA3434,"3434, VIC",167.1149
POA3435,"3435, VIC",263.3536
POA3437,"3437, VIC",184.8321
POA3438,"3438, VIC",26.2249
POA3440,"3440, VIC",38.9733
POA3441,"3441, VIC",34.0169
POA3442,"3442, VIC",275.7369
POA3444,"3444, VIC",935.7371
POA3446,"3446, VIC",88.1952
POA3447,"3447, VIC",47.9579
POA3448,"3448, VIC",220.36
POA3450,"3450, VIC",22.8791
POA3451,"3451, VIC",311.8368
POA3453,"3453, VIC",171.696
POA3458,"3458, VIC",351.9543
POA3460,"3460, VIC",45.0525
POA3461,"3461, VIC",551.8473
POA3462,"3462, VIC",139.6158
POA3463,"3463, VIC",530.6538
POA3464,"3464, VIC",116.2721
POA3465,"3465, VIC",880.5183
POA3467,"3467, VIC",102.8086
POA3468,"3468, VIC",222.4462
POA3469,"3469, VIC",228.7419
POA3472,"3472, VIC",461.4507
POA3475,"3475, VIC",508.9179
POA3477,"3477, VIC",2037.7764
POA3478,"3478, VIC",488.8625
POA3480,"3480, VIC",1438.5685
POA3482,"3482, VIC",517.7201
POA3483,"3483, VIC",1177.4827
POA3485,"3485, VIC",627.4353
POA3487,"3487, VIC",317.5964
POA3488,"3488, VIC",307.5921
POA3489,"3489, VIC",453.1693
POA3490,"3490, VIC",15437.9491
POA3491,"3491, VIC",1143.6908
POA3494,"3494, VIC",930.7194
POA3496,"3496, VIC",3380.7812
POA3498,"3498, VIC",64.5178
POA3500,"3500, VIC",78.0417
POA3501,"3501, VIC",1022.8815
POA3505,"3505, VIC",537.6072
POA3506,"3506, VIC",433.4114
POA3507,"3507, VIC",462.7314
POA3509,"3509, VIC",619.975
POA3512,"3512, VIC",1290.4311
POA3515,"3515, VIC",226.4581
POA3516,"3516, VIC",340.6389
POA3517,"3517, VIC",999.1275
POA3518,"3518, VIC",1130.4477
POA3520,"3520, VIC",100.0511
POA3521,"3521, VIC",115.8073
POA3522,"3522, VIC",193.6226
POA3523,"3523, VIC",680.5253
POA3525,"3525, VIC",1065.8325
POA3527,"3527, VIC",1187.3064
POA3529,"3529, VIC",291.6863
POA3530,"3530, VIC",485.3808
POA3531,"3531, VIC",331.7689
POA3533,"3533, VIC",1361.3987
POA3537,"3537, VIC",781.5452
POA3540,"3540, VIC",521.4988
POA3542,"3542, VIC",394.0098
POA3544,"3544, VIC",1004.3354
POA3546,"3546, VIC",1235.9728
POA3549,"3549, VIC",980.3663
POA3550,"3550, VIC",52.7325
POA3551,"3551, VIC",1767.4856
POA3555,"3555, VIC",40.9147
POA3556,"3556, VIC",253.373
POA3557,"3557, VIC",268.6411
POA3558,"3558, VIC",345.8443
POA3559,"3559, VIC",567.1549
POA3561,"3561, VIC",645.1897
POA3562,"3562, VIC",141.044
POA3563,"3563, VIC",119.7043
POA3564,"3564, VIC",640.5675
POA3565,"3565, VIC",57.3943
POA3566,"3566, VIC",131.5341
POA3567,"3567, VIC",159.5244
POA3568,"3568, VIC",514.4433
POA3570,"3570, VIC",570.2825
POA3571,"3571, VIC",348.6153
POA3572,"3572, VIC",274.0718
POA3573,"3573, VIC",630.2312
POA3575,"3575, VIC",782.5248
POA3576,"3576, VIC",146.0941
POA3579,"3579, VIC",1943.5644
POA3580,"3580, VIC",59.0798
POA3581,"3581, VIC",144.6021
POA3583,"3583, VIC",28.7574
POA3584,"3584, VIC",100.7873
POA3585,"3585, VIC",1073.5597
POA3586,"3586, VIC",210.9292
POA3588,"3588, VIC",32.8501
POA3589,"3589, VIC",30.1912
POA3590,"3590, VIC",32.6283
POA3591,"3591, VIC",18.9119
POA3594,"3594, VIC",29.0315
POA3595,"3595, VIC",36.5777
POA3596,"3596, VIC",141.1499
POA3597,"3597, VIC",1149.0146
POA3599,"3599, VIC",163.9824
POA3607,"3607, VIC",80.6847
POA3608,"3608, VIC",532.8675
POA3610,"3610, VIC",264.407
POA3612,"3612, VIC",469.4716
POA3614,"3614, VIC",84.8059
POA3616,"3616, VIC",280.6496
POA3617,"3617, VIC",33.3432
POA3618,"3618, VIC",55.8419
POA3620,"3620, VIC",360.1536
POA3621,"3621, VIC",186.7948
POA3622,"3622, VIC",163.4506
POA3623,"3623, VIC",130.4296
POA3624,"3624, VIC",84.0851
POA3629,"3629, VIC",306.9258
POA3630,"3630, VIC",141.9294
POA3631,"3631, VIC",642.0731
POA3633,"3633, VIC",54.1272
POA3634,"3634, VIC",309.0822
POA3635,"3635, VIC",181.4429
POA3636,"3636, VIC",393.6823
POA3637,"3637, VIC",231.2211
POA3638,"3638, VIC",445.6388
POA3639,"3639, VIC",500.3659
POA3640,"3640, VIC",163.882
POA3641,"3641, VIC",252.735
POA3646,"3646, VIC",340.9775
POA3647,"3647, VIC",16.4971
POA3649,"3649, VIC",162.0912
POA3658,"3658, VIC",565.5683
POA3659,"3659, VIC",177.9421
POA3660,"3660, VIC",629.2936
POA3662,"3662, VIC",412.6574
POA3663,"3663, VIC",68.6945
POA3664,"3664, VIC",228.9422
POA3665,"3665, VIC",185.2391
POA3666,"3666, VIC",1367.6298
POA3669,"3669, VIC",835.6248
POA3670,"3670, VIC",253.1654
POA3672,"3672, VIC",315.3043
POA3673,"3673, VIC",897.1911
POA3675,"3675, VIC",478.2077
POA3677,"3677, VIC",48.7989
POA3678,"3678, VIC",2455.1901
POA3682,"3682, VIC",340.659
POA3683,"3683, VIC",267.4078
POA3685,"3685, VIC",351.3304
POA3687,"3687, VIC",36.5587
POA3688,"3688, VIC",191.8088
POA3690,"3690, VIC",81.556
POA3695,"3695, VIC",181.8809
POA3697,"3697, VIC",140.6154
POA3698,"3698, VIC",48.8349
POA3699,"3699, VIC",502.9748
POA3700,"3700, VIC",279.7447
POA3701,"3701, VIC",3023.1179
POA3704,"3704, VIC",168.3608
POA3705,"3705, VIC",238.419
POA3708,"3708, VIC",75.4363
POA3709,"3709, VIC",542.5545
POA3711,"3711, VIC",61.3675
POA3712,"3712, VIC",328.1289
POA3713,"3713, VIC",675.9291
POA3714,"3714, VIC",618.0037
POA3715,"3715, VIC",235.2731
POA3717,"3717, VIC",1053.3242
POA3718,"3718, VIC",88.3678
POA3719,"3719, VIC",236.4606
POA3720,"3720, VIC",192.6304
POA3722,"3722, VIC",404.0425
POA3723,"3723, VIC",3119.7244
POA3725,"3725, VIC",309.469
POA3726,"3726, VIC",245.464
POA3727,"3727, VIC",246.6493
POA3728,"3728, VIC",376.2679
POA3730,"3730, VIC",485.6681
POA3732,"3732, VIC",254.3079
POA3733,"3733, VIC",57.6719
POA3735,"3735, VIC",208.1647
POA3737,"3737, VIC",1740.7366
POA3738,"3738, VIC",27.746
POA3739,"3739, VIC",53.4715
POA3740,"3740, VIC",679.6769
POA3741,"3741, VIC",752.342
POA3744,"3744, VIC",43.9889
POA3746,"3746, VIC",56.3173
POA3747,"3747, VIC",423.8099
POA3749,"3749, VIC",186.7638
POA3750,"3750, VIC",53.892
POA3751,"3751, VIC",27.2386
POA3752,"3752, VIC",21.4539
POA3753,"3753, VIC",111.7189
POA3754,"3754, VIC",56.0586
POA3755,"3755, VIC",28.3934
POA3756,"3756, VIC",200.8844
POA3757,"3757, VIC",285.4996
POA3758,"3758, VIC",44.7055
POA3759,"3759, VIC",21.0901
POA3760,"3760, VIC",14.7523
POA3761,"3761, VIC",39.79
POA3762,"3762, VIC",40.5926
POA3763,"3763, VIC",115.1449
POA3764,"3764, VIC",439.0863
POA3765,"3765, VIC",11.0304
POA3766,"3766, VIC",8.4659
POA3767,"3767, VIC",7.9363
POA3770,"3770, VIC",135.0123
POA3775,"3775, VIC",173.7615
POA3777,"3777, VIC",373.3849
POA3778,"3778, VIC",220.4256
POA3779,"3779, VIC",580.4188
POA3781,"3781, VIC",42.3677
POA3782,"3782, VIC",88.6992
POA3783,"3783, VIC",202.3353
POA3785,"3785, VIC",5.512
POA3786,"3786, VIC",4.5146
POA3787,"3787, VIC",3.4167
POA3788,"3788, VIC",17.7524
POA3789,"3789, VIC",6.6593
POA3791,"3791, VIC",12.0532
POA3792,"3792, VIC",3.9761
POA3793,"3793, VIC",19.8847
POA3795,"3795, VIC",30.1745
POA3796,"3796, VIC",16.9894
POA3797,"3797, VIC",142.6249
POA3799,"3799, VIC",706.2156
POA3802,"3802, VIC",15.1323
POA3803,"3803, VIC",8.415
POA3804,"3804, VIC",31.6453
POA3805,"3805, VIC",27.578
POA3806,"3806, VIC",45.7677
POA3807,"3807, VIC",14.697
POA3808,"3808, VIC",35.2809
POA3809,"3809, VIC",48.0637
POA3810,"3810, VIC",142.7164
POA3812,"3812, VIC",97.376
POA3813,"3813, VIC",69.6945
POA3814,"3814, VIC",77.7275
POA3815,"3815, VIC",103.9187
POA3816,"3816, VIC",151.417
POA3818,"3818, VIC",279.626
POA3820,"3820, VIC",74.2902
POA3821,"3821, VIC",298.5327
POA3822,"3822, VIC",62.764
POA3823,"3823, VIC",122.4606
POA3824,"3824, VIC",213.4934
POA3825,"3825, VIC",1871.9394
POA3831,"3831, VIC",176.2022
POA3832,"3832, VIC",52.414
POA3833,"3833, VIC",931.5574
POA3835,"3835, VIC",65.7048
POA3840,"3840, VIC",341.1902
POA3842,"3842, VIC",21.4535
POA3844,"3844, VIC",577.0376
POA3847,"3847, VIC",485.7597
POA3850,"3850, VIC",48.6122
POA3851,"3851, VIC",1883.4399
POA3852,"3852, VIC",8.6506
POA3854,"3854, VIC",172.3629
POA3856,"3856, VIC",148.7576
POA3857,"3857, VIC",67.568
POA3858,"3858, VIC",2574.771
POA3859,"3859, VIC",193.1815
POA3860,"3860, VIC",1396.8374
POA3862,"3862, VIC",3055.3476
POA3864,"3864, VIC",187.1784
POA3865,"3865, VIC",12.9135
POA3869,"3869, VIC",97.2314
POA3870,"3870, VIC",273.5315
POA3871,"3871, VIC",291.253
POA3873,"3873, VIC",92.7613
POA3874,"3874, VIC",269.2634
POA3875,"3875, VIC",2405.0453
POA3878,"3878, VIC",18.0798
POA3880,"3880, VIC",167.6982
POA3882,"3882, VIC",68.2582
POA3885,"3885, VIC",3509.4039
POA3886,"3886, VIC",55.2811
POA3887,"3887, VIC",318.8285
POA3888,"3888, VIC",3372.9732
POA3889,"3889, VIC",1714.1053
POA3890,"3890, VIC",1717.2022
POA3891,"3891, VIC",1330.8744
POA3892,"3892, VIC",243.8424
POA3893,"3893, VIC",528.0895
POA3895,"3895, VIC",286.7583
POA3896,"3896, VIC",1097.7093
POA3898,"3898, VIC",1392.3469
POA3900,"3900, VIC",1211.4742
POA3902,"3902, VIC",26.4884
POA3903,"3903, VIC",41.6349
POA3904,"3904, VIC",27.6078
POA3909,"3909, VIC",327.2096
POA3910,"3910, VIC",28.8446
POA3911,"3911, VIC",18.6901
POA3912,"3912, VIC",72.3275
POA3913,"3913, VIC",23.6157
POA3915,"3915, VIC",64.8347
POA3916,"3916, VIC",35.1777
POA3918,"3918, VIC",17.216
POA3919,"3919, VIC",6.5625
POA3920,"3920, VIC",15.4031
POA3921,"3921, VIC",170.2291
POA3922,"3922, VIC",67.9514
POA3923,"3923, VIC",17.4334
POA3925,"3925, VIC",30.7786
POA3926,"3926, VIC",54.1204
POA3927,"3927, VIC",14.9111
POA3928,"3928, VIC",28.7388
POA3929,"3929, VIC",55.132
POA3930,"3930, VIC",23.2077
POA3931,"3931, VIC",21.0928
POA3933,"3933, VIC",42.8797
POA3934,"3934, VIC",30.2094
POA3936,"3936, VIC",45.0575
POA3937,"3937, VIC",38.6917
POA3938,"3938, VIC",4.2898
POA3939,"3939, VIC",98.5117
POA3940,"3940, VIC",4.6396
POA3941,"3941, VIC",24.3906
POA3942,"3942, VIC",6.2857
POA3943,"3943, VIC",7.0136
POA3944,"3944, VIC",11.3277
POA3945,"3945, VIC",153.6199
POA3946,"3946, VIC",46.1603
POA3950,"3950, VIC",120.9764
POA3951,"3951, VIC",167.0977
POA3953,"3953, VIC",504.8299
POA3954,"3954, VIC",36.807
POA3956,"3956, VIC",498.4632
POA3957,"3957, VIC",65.313
POA3958,"3958, VIC",108.9795
POA3959,"3959, VIC",211.6176
POA3960,"3960, VIC",831.5162
POA3962,"3962, VIC",150.239
POA3964,"3964, VIC",2.8934
POA3965,"3965, VIC",8.8662
POA3966,"3966, VIC",124.1262
POA3967,"3967, VIC",87.9588
POA3971,"3971, VIC",835.935
POA3975,"3975, VIC",13.3831
POA3976,"3976, VIC",13.3423
POA3977,"3977, VIC",142.1782
POA3978,"3978, VIC",96.5101
POA3979,"3979, VIC",69.8592
POA3980,"3980, VIC",37.0278
POA3981,"3981, VIC",203.7769
POA3984,"3984, VIC",235.0488
POA3987,"3987, VIC",79.5517
POA3988,"3988, VIC",126.6841
POA3990,"3990, VIC",25.7656
POA3991,"3991, VIC",49.1914
POA3992,"3992, VIC",99.0542
POA3995,"3995, VIC",198.9026
POA3996,"3996, VIC",151.8139
POA3000,"3000, VIC",2.4814
POA3002,"3002, VIC",1.8557
POA3644,3644 crosses VIC/NSW,474.9207
POA3691,3691 crosses VIC/NSW,1836.0219
POA3707,3707 crosses VIC/NSW,2318.0758
POA4009,"4009, QLD",5.5274
POA4010,"4010, QLD",1.3148
POA4011,"4011, QLD",5.2926
POA4012,"4012, QLD",7.8452
POA4013,"4013, QLD",3.252
POA4014,"4014, QLD",16.6493
POA4017,"4017, QLD",21.7655
POA4018,"4018, QLD",6.2813
POA4019,"4019, QLD",10.6634
POA4020,"4020, QLD",11.7011
POA4021,"4021, QLD",5.5697
POA4022,"4022, QLD",10.34
POA4025,"4025, QLD",173.5972
POA4030,"4030, QLD",5.838
POA4031,"4031, QLD",4.7721
POA4032,"4032, QLD",7.5078
POA4034,"4034, QLD",29.5549
POA4035,"4035, QLD",19.0536
POA4036,"4036, QLD",12.8364
POA4037,"4037, QLD",9.1057
POA4051,"4051, QLD",16.941
POA4053,"4053, QLD",22.5306
POA4054,"4054, QLD",8.7622
POA4055,"4055, QLD",37.908
POA4059,"4059, QLD",3.3042
POA4060,"4060, QLD",5.8255
POA4061,"4061, QLD",12.5152
POA4064,"4064, QLD",3.5905
POA4065,"4065, QLD",5.0053
POA4066,"4066, QLD",20.0559
POA4067,"4067, QLD",3.9742
POA4068,"4068, QLD",10.3883
POA4069,"4069, QLD",103.2441
POA4070,"4070, QLD",31.2733
POA4073,"4073, QLD",4.9721
POA4074,"4074, QLD",13.6903
POA4075,"4075, QLD",14.182
POA4076,"4076, QLD",23.2969
POA4077,"4077, QLD",18.9841
POA4078,"4078, QLD",13.2184
POA4101,"4101, QLD",5.1012
POA4102,"4102, QLD",3.428
POA4103,"4103, QLD",4.0601
POA4104,"4104, QLD",3.0296
POA4105,"4105, QLD",7.1451
POA4106,"4106, QLD",9.223
POA4107,"4107, QLD",4.5662
POA4108,"4108, QLD",8.5787
POA4109,"4109, QLD",15.4409
POA4110,"4110, QLD",34.8175
POA4111,"4111, QLD",5.266
POA4112,"4112, QLD",4.6867
POA4113,"4113, QLD",14.2559
POA4114,"4114, QLD",14.3562
POA4115,"4115, QLD",11.9235
POA4116,"4116, QLD",16.1303
POA4117,"4117, QLD",13.1167
POA4118,"4118, QLD",24.1339
POA4119,"4119, QLD",4.1871
POA4120,"4120, QLD",2.9846
POA4121,"4121, QLD",10.4019
POA4122,"4122, QLD",21.0584
POA4123,"4123, QLD",21.5665
POA4124,"4124, QLD",194.3117
POA4125,"4125, QLD",38.7807
POA4127,"4127, QLD",30.3412
POA4128,"4128, QLD",12.1387
POA4129,"4129, QLD",8.8171
POA4130,"4130, QLD",37.9606
POA4131,"4131, QLD",11.3025
POA4132,"4132, QLD",12.8365
POA4133,"4133, QLD",47.886
POA4151,"4151, QLD",5.3272
POA4152,"4152, QLD",23.1747
POA4153,"4153, QLD",9.7744
POA4154,"4154, QLD",15.0372
POA4155,"4155, QLD",13.5401
POA4156,"4156, QLD",31.9789
POA4157,"4157, QLD",41.4597
POA4158,"4158, QLD",2.6658
POA4159,"4159, QLD",11.2731
POA4160,"4160, QLD",14.7691
POA4161,"4161, QLD",13.6902
POA4163,"4163, QLD",11.7743
POA4164,"4164, QLD",21.6475
POA4165,"4165, QLD",102.7458
POA4169,"4169, QLD",3.1983
POA4170,"4170, QLD",12.8212
POA4171,"4171, QLD",4.7536
POA4172,"4172, QLD",8.4585
POA4173,"4173, QLD",8.8781
POA4174,"4174, QLD",6.6961
POA4178,"4178, QLD",57.322
POA4179,"4179, QLD",9.2731
POA4183,"4183, QLD",272.0174
POA4184,"4184, QLD",33.8483
POA4205,"4205, QLD",5.8367
POA4207,"4207, QLD",281.8511
POA4208,"4208, QLD",141.5988
POA4209,"4209, QLD",131.2186
POA4210,"4210, QLD",83.765
POA4211,"4211, QLD",447.4603
POA4212,"4212, QLD",34.1514
POA4213,"4213, QLD",168.7643
POA4214,"4214, QLD",30.4289
POA4215,"4215, QLD",19.349
POA4216,"4216, QLD",47.5149
POA4217,"4217, QLD",19.7245
POA4218,"4218, QLD",15.3976
POA4220,"4220, QLD",19.99
POA4221,"4221, QLD",15.2251
POA4223,"4223, QLD",46.9353
POA4224,"4224, QLD",3.1207
POA4225,"4225, QLD",4.6201
POA4226,"4226, QLD",29.0211
POA4227,"4227, QLD",12.325
POA4228,"4228, QLD",79.3402
POA4270,"4270, QLD",71.2311
POA4272,"4272, QLD",42.4519
POA4275,"4275, QLD",329.1873
POA4280,"4280, QLD",147.3208
POA4285,"4285, QLD",1411.1309
POA4287,"4287, QLD",421.0655
POA4300,"4300, QLD",74.3836
POA4301,"4301, QLD",35.3028
POA4303,"4303, QLD",15.0708
POA4304,"4304, QLD",22.6958
POA4305,"4305, QLD",74.1366
POA4306,"4306, QLD",1067.9892
POA4307,"4307, QLD",205.3988
POA4309,"4309, QLD",542.809
POA4310,"4310, QLD",925.1749
POA4311,"4311, QLD",781.3652
POA4312,"4312, QLD",868.739
POA4313,"4313, QLD",610.9469
POA4314,"4314, QLD",1788.6895
POA4340,"4340, QLD",698.8554
POA4341,"4341, QLD",493.1726
POA4342,"4342, QLD",103.0037
POA4343,"4343, QLD",859.436
POA4344,"4344, QLD",318.3502
POA4346,"4346, QLD",25.4153
POA4347,"4347, QLD",140.5323
POA4350,"4350, QLD",313.3986
POA4352,"4352, QLD",3879.2469
POA4353,"4353, QLD",99.239
POA4354,"4354, QLD",158.3554
POA4355,"4355, QLD",800.0815
POA4356,"4356, QLD",1046.9675
POA4357,"4357, QLD",2814.8804
POA4358,"4358, QLD",425.5437
POA4359,"4359, QLD",300.6069
POA4360,"4360, QLD",88.1518
POA4361,"4361, QLD",717.4344
POA4362,"4362, QLD",513.8108
POA4363,"4363, QLD",65.7959
POA4364,"4364, QLD",150.6826
POA4365,"4365, QLD",317.4793
POA4370,"4370, QLD",2237.0641
POA4371,"4371, QLD",330.9843
POA4372,"4372, QLD",32.465
POA4373,"4373, QLD",163.8306
POA4374,"4374, QLD",476.1009
POA4376,"4376, QLD",13.4384
POA4378,"4378, QLD",46.7077
POA4381,"4381, QLD",70.205
POA4382,"4382, QLD",551.1208
POA4384,"4384, QLD",203.5414
POA4387,"4387, QLD",3104.9418
POA4388,"4388, QLD",702.1752
POA4390,"4390, QLD",5343.7485
POA4400,"4400, QLD",45.6179
POA4401,"4401, QLD",657.2754
POA4402,"4402, QLD",229.0592
POA4403,"4403, QLD",591.6033
POA4404,"4404, QLD",613.2059
POA4405,"4405, QLD",2929.5915
POA4406,"4406, QLD",8396.3705
POA4407,"4407, QLD",1296.9808
POA4408,"4408, QLD",489.1868
POA4410,"4410, QLD",926.1488
POA4411,"4411, QLD",433.7235
POA4412,"4412, QLD",343.0478
POA4413,"4413, QLD",8030.7476
POA4415,"4415, QLD",2305.4641
POA4416,"4416, QLD",2010.6533
POA4417,"4417, QLD",5069.1419
POA4418,"4418, QLD",387.6687
POA4419,"4419, QLD",5587.0923
POA4420,"4420, QLD",9854.6453
POA4421,"4421, QLD",1638.6392
POA4422,"4422, QLD",3182.5182
POA4423,"4423, QLD",2413.3616
POA4424,"4424, QLD",942.3824
POA4425,"4425, QLD",676.9575
POA4426,"4426, QLD",1675.1872
POA4427,"4427, QLD",906.0226
POA4428,"4428, QLD",2349.1292
POA4454,"4454, QLD",7928.7214
POA4455,"4455, QLD",10349.0301
POA4461,"4461, QLD",241.7695
POA4462,"4462, QLD",1738.9037
POA4465,"4465, QLD",13577.4516
POA4467,"4467, QLD",6344.4821
POA4468,"4468, QLD",8082.3321
POA4470,"4470, QLD",17483.3832
POA4472,"4472, QLD",17632.5516
POA4474,"4474, QLD",21354.7571
POA4477,"4477, QLD",12307.4336
POA4478,"4478, QLD",12904.6964
POA4479,"4479, QLD",3990.1821
POA4480,"4480, QLD",46059.8992
POA4481,"4481, QLD",33308.6713
POA4482,"4482, QLD",32952.5028
POA4486,"4486, QLD",9948.6495
POA4487,"4487, QLD",12740.9303
POA4488,"4488, QLD",13694.9059
POA4489,"4489, QLD",5069.1761
POA4490,"4490, QLD",34671.8256
POA4491,"4491, QLD",6078.0678
POA4492,"4492, QLD",69372.0885
POA4493,"4493, QLD",6145.7746
POA4494,"4494, QLD",1677.1953
POA4496,"4496, QLD",1719.4292
POA4497,"4497, QLD",3505.0666
POA4498,"4498, QLD",1425.2619
POA4500,"4500, QLD",86.5893
POA4501,"4501, QLD",8.1316
POA4502,"4502, QLD",6.6035
POA4503,"4503, QLD",99.6929
POA4504,"4504, QLD",41.7369
POA4505,"4505, QLD",52.3352
POA4506,"4506, QLD",59.3066
POA4507,"4507, QLD",145.3506
POA4508,"4508, QLD",19.4373
POA4509,"4509, QLD",26.2563
POA4510,"4510, QLD",218.4311
POA4511,"4511, QLD",36.5017
POA4512,"4512, QLD",102.1152
POA4514,"4514, QLD",511.9867
POA4515,"4515, QLD",1384.4755
POA4516,"4516, QLD",101.1794
POA4517,"4517, QLD",80.7742
POA4518,"4518, QLD",72.4139
POA4519,"4519, QLD",202.0281
POA4520,"4520, QLD",332.3237
POA4521,"4521, QLD",288.2282
POA4550,"4550, QLD",69.6787
POA4551,"4551, QLD",95.279
POA4552,"4552, QLD",455.8262
POA4553,"4553, QLD",65.364
POA4554,"4554, QLD",37.3254
POA4555,"4555, QLD",49.2911
POA4556,"4556, QLD",71.4648
POA4557,"4557, QLD",11.3654
POA4558,"4558, QLD",14.9241
POA4559,"4559, QLD",41.1572
POA4560,"4560, QLD",218.163
POA4561,"4561, QLD",117.3999
POA4562,"4562, QLD",207.5346
POA4563,"4563, QLD",176.2523
POA4564,"4564, QLD",24.551
POA4565,"4565, QLD",304.3316
POA4566,"4566, QLD",26.0543
POA4567,"4567, QLD",20.1623
POA4568,"4568, QLD",96.0095
POA4569,"4569, QLD",37.584
POA4570,"4570, QLD",3861.1389
POA4571,"4571, QLD",202.3033
POA4572,"4572, QLD",1.5035
POA4573,"4573, QLD",61.2348
POA4574,"4574, QLD",360.3842
POA4575,"4575, QLD",17.8273
POA4580,"4580, QLD",707.8549
POA4581,"4581, QLD",1693.7315
POA4600,"4600, QLD",623.0268
POA4601,"4601, QLD",1800.5717
POA4605,"4605, QLD",771.7766
POA4606,"4606, QLD",250.7621
POA4608,"4608, QLD",463.5732
POA4610,"4610, QLD",2967.8755
POA4611,"4611, QLD",42.5772
POA4612,"4612, QLD",599.5949
POA4613,"4613, QLD",1749.936
POA4614,"4614, QLD",248.5346
POA4615,"4615, QLD",1360.8524
POA4620,"4620, QLD",1180.9337
POA4621,"4621, QLD",1627.363
POA4625,"4625, QLD",3244.3289
POA4626,"4626, QLD",3954.0831
POA4627,"4627, QLD",4801.087
POA4630,"4630, QLD",5561.7434
POA4650,"4650, QLD",2645.9161
POA4655,"4655, QLD",458.5892
POA4659,"4659, QLD",301.2547
POA4660,"4660, QLD",1489.8297
POA4662,"4662, QLD",29.3873
POA4670,"4670, QLD",1781.8725
POA4671,"4671, QLD",3774.1675
POA4673,"4673, QLD",304.3716
POA4674,"4674, QLD",1078.1463
POA4676,"4676, QLD",647.6431
POA4677,"4677, QLD",1423.5285
POA4678,"4678, QLD",642.7085
POA4680,"4680, QLD",4993.763
POA4694,"4694, QLD",277.6657
POA4695,"4695, QLD",843.5075
POA4697,"4697, QLD",596.5489
POA4699,"4699, QLD",895.1947
POA4700,"4700, QLD",114.6558
POA4701,"4701, QLD",466.2008
POA4702,"4702, QLD",47733.5006
POA4703,"4703, QLD",1227.6685
POA4704,"4704, QLD",98.0086
POA4705,"4705, QLD",8543.109
POA4706,"4706, QLD",1440.7934
POA4707,"4707, QLD",2983.4314
POA4709,"4709, QLD",11.4711
POA4710,"4710, QLD",33.455
POA4711,"4711, QLD",63.8306
POA4712,"4712, QLD",626.4256
POA4713,"4713, QLD",219.5151
POA4714,"4714, QLD",490.6655
POA4715,"4715, QLD",2772.4575
POA4716,"4716, QLD",1269.4858
POA4717,"4717, QLD",657.3194
POA4718,"4718, QLD",5866.149
POA4719,"4719, QLD",4044.5465
POA4720,"4720, QLD",5368.1456
POA4721,"4721, QLD",29539.1184
POA4722,"4722, QLD",11273.0478
POA4723,"4723, QLD",5650.529
POA4724,"4724, QLD",12669.4364
POA4725,"4725, QLD",10793.7554
POA4726,"4726, QLD",13502.5996
POA4727,"4727, QLD",6580.9177
POA4728,"4728, QLD",9166.5606
POA4730,"4730, QLD",38919.3235
POA4731,"4731, QLD",10508.8115
POA4732,"4732, QLD",7250.302
POA4733,"4733, QLD",15789.5333
POA4735,"4735, QLD",57394.3694
POA4736,"4736, QLD",13084.6881
POA4737,"4737, QLD",940.5324
POA4738,"4738, QLD",1033.9906
POA4739,"4739, QLD",475.4337
POA4740,"4740, QLD",879.178
POA4741,"4741, QLD",4176.032
POA4742,"4742, QLD",8809.537
POA4743,"4743, QLD",1626.6802
POA4744,"4744, QLD",3046.6387
POA4745,"4745, QLD",3446.689
POA4746,"4746, QLD",2054.3653
POA4750,"4750, QLD",17.6773
POA4751,"4751, QLD",109.2039
POA4753,"4753, QLD",135.8943
POA4754,"4754, QLD",547.8642
POA4756,"4756, QLD",195.3173
POA4757,"4757, QLD",833.4849
POA4798,"4798, QLD",294.4336
POA4799,"4799, QLD",463.6011
POA4800,"4800, QLD",2435.9895
POA4802,"4802, QLD",287.6029
POA4804,"4804, QLD",14258.7347
POA4805,"4805, QLD",6858.7645
POA4806,"4806, QLD",1315.7679
POA4807,"4807, QLD",2424.9567
POA4808,"4808, QLD",203.2156
POA4809,"4809, QLD",1015.4554
POA4810,"4810, QLD",289.6701
POA4811,"4811, QLD",166.3359
POA4812,"4812, QLD",13.2728
POA4814,"4814, QLD",59.9761
POA4815,"4815, QLD",674.0533
POA4816,"4816, QLD",47039.5339
POA4817,"4817, QLD",740.7452
POA4818,"4818, QLD",537.4411
POA4819,"4819, QLD",51.1523
POA4820,"4820, QLD",36171.38
POA4821,"4821, QLD",35113.9374
POA4822,"4822, QLD",32122.5539
POA4823,"4823, QLD",66283.7365
POA4824,"4824, QLD",31688.0872
POA4828,"4828, QLD",9524.7262
POA4829,"4829, QLD",71908.6682
POA4830,"4830, QLD",31652.2941
POA4849,"4849, QLD",1094.6869
POA4850,"4850, QLD",7383.9733
POA4852,"4852, QLD",118.0451
POA4854,"4854, QLD",1722.9976
POA4855,"4855, QLD",376.0562
POA4856,"4856, QLD",117.0087
POA4858,"4858, QLD",75.1584
POA4859,"4859, QLD",19.2955
POA4860,"4860, QLD",1278.1364
POA4861,"4861, QLD",118.9753
POA4865,"4865, QLD",191.8984
POA4868,"4868, QLD",26.5384
POA4869,"4869, QLD",67.7783
POA4870,"4870, QLD",331.4112
POA4871,"4871, QLD",86859.0254
POA4872,"4872, QLD",12709.6818
POA4873,"4873, QLD",1562.4059
POA4874,"4874, QLD",24319.9506
POA4875,"4875, QLD",851.0942
POA4876,"4876, QLD",1340.127
POA4877,"4877, QLD",164.874
POA4878,"4878, QLD",50.5096
POA4879,"4879, QLD",24.5179
POA4880,"4880, QLD",1321.1451
POA4881,"4881, QLD",591.3182
POA4882,"4882, QLD",85.2742
POA4883,"4883, QLD",293.1266
POA4884,"4884, QLD",192.8644
POA4885,"4885, QLD",319.4621
POA4886,"4886, QLD",253.0866
POA4887,"4887, QLD",1198.6445
POA4888,"4888, QLD",559.1771
POA4890,"4890, QLD",15793.1977
POA4891,"4891, QLD",134.4548
POA4892,"4892, QLD",143377.1258
POA4895,"4895, QLD",9277.2547
POA4000,"4000, QLD",3.6483
POA4005,"4005, QLD",2.7043
POA4006,"4006, QLD",5.4174
POA4007,"4007, QLD",5.3563
POA4008,"4008, QLD",46.0443
POA4375,4375 crosses QLD/NSW,27.3385
POA4377,4377 crosses QLD/NSW,153.6255
POA4380,4380 crosses QLD/NSW,2068.6995
POA4383,4383 crosses QLD/NSW,88.0082
POA4385,4385 crosses QLD/NSW,1996.8539
POA4825,4825 crosses QLD/NT,99782.1361
POA5016,"5016, SA",4.8979
POA5017,"5017, SA",3.718
POA5018,"5018, SA",8.9095
POA5019,"5019, SA",3.9321
POA5020,"5020, SA",1.5622
POA5021,"5021, SA",4.4911
POA5022,"5022, SA",7.7915
POA5023,"5023, SA",7.0392
POA5024,"5024, SA",7.927
POA5025,"5025, SA",3.9453
POA5031,"5031, SA",5.695
POA5032,"5032, SA",5.702
POA5033,"5033, SA",3.651
POA5034,"5034, SA",4.045
POA5035,"5035, SA",3.0222
POA5037,"5037, SA",4.3684
POA5038,"5038, SA",5.7538
POA5039,"5039, SA",4.6336
POA5040,"5040, SA",1.7647
POA5041,"5041, SA",6.2103
POA5042,"5042, SA",8.6535
POA5043,"5043, SA",8.2184
POA5044,"5044, SA",4.1037
POA5045,"5045, SA",5.7699
POA5046,"5046, SA",4.0234
POA5047,"5047, SA",4.1823
POA5048,"5048, SA",5.8082
POA5049,"5049, SA",9.1543
POA5050,"5050, SA",6.5603
POA5051,"5051, SA",17.6845
POA5052,"5052, SA",16.0248
POA5061,"5061, SA",4.0391
POA5062,"5062, SA",16.5077
POA5063,"5063, SA",3.8585
POA5064,"5064, SA",7.8875
POA5065,"5065, SA",4.2878
POA5066,"5066, SA",9.0577
POA5067,"5067, SA",3.9255
POA5068,"5068, SA",5.0515
POA5069,"5069, SA",3.8454
POA5070,"5070, SA",6.2151
POA5072,"5072, SA",14.2129
POA5073,"5073, SA",7.5046
POA5074,"5074, SA",5.6525
POA5075,"5075, SA",5.6065
POA5076,"5076, SA",10.6715
POA5081,"5081, SA",4.1957
POA5082,"5082, SA",5.6358
POA5083,"5083, SA",2.8234
POA5084,"5084, SA",4.861
POA5085,"5085, SA",8.5266
POA5086,"5086, SA",7.0027
POA5087,"5087, SA",5.0299
POA5088,"5088, SA",1.893
POA5089,"5089, SA",4.3298
POA5090,"5090, SA",5.0538
POA5091,"5091, SA",8.5918
POA5092,"5092, SA",9.4494
POA5093,"5093, SA",4.3878
POA5094,"5094, SA",30.8255
POA5095,"5095, SA",11.5079
POA5096,"5096, SA",9.5243
POA5097,"5097, SA",6.991
POA5098,"5098, SA",6.1001
POA5106,"5106, SA",6.6876
POA5107,"5107, SA",7.921
POA5108,"5108, SA",18.3572
POA5109,"5109, SA",14.6034
POA5110,"5110, SA",65.6776
POA5111,"5111, SA",18.7439
POA5112,"5112, SA",14.8798
POA5113,"5113, SA",12.5057
POA5114,"5114, SA",152.8286
POA5115,"5115, SA",19.7062
POA5116,"5116, SA",23.5591
POA5117,"5117, SA",14.0543
POA5118,"5118, SA",166.9373
POA5120,"5120, SA",86.1986
POA5121,"5121, SA",32.9719
POA5125,"5125, SA",25.2564
POA5126,"5126, SA",5.8067
POA5127,"5127, SA",4.4199
POA5131,"5131, SA",21.3011
POA5132,"5132, SA",19.7554
POA5133,"5133, SA",14.1
POA5134,"5134, SA",36.5354
POA5136,"5136, SA",7.7715
POA5137,"5137, SA",8.2627
POA5138,"5138, SA",11.9523
POA5139,"5139, SA",9.345
POA5140,"5140, SA",3.7167
POA5141,"5141, SA",13.1923
POA5142,"5142, SA",3.4725
POA5144,"5144, SA",10.2028
POA5150,"5150, SA",1.9558
POA5151,"5151, SA",4.0978
POA5152,"5152, SA",32.833
POA5153,"5153, SA",208.0124
POA5154,"5154, SA",8.4056
POA5155,"5155, SA",15.0757
POA5156,"5156, SA",7.3237
POA5157,"5157, SA",191.7995
POA5158,"5158, SA",23.5018
POA5159,"5159, SA",37.4231
POA5160,"5160, SA",9.9143
POA5161,"5161, SA",7.7053
POA5162,"5162, SA",19.6861
POA5163,"5163, SA",34.62
POA5164,"5164, SA",3.1934
POA5165,"5165, SA",2.8639
POA5166,"5166, SA",1.8617
POA5167,"5167, SA",5.7077
POA5168,"5168, SA",9.0287
POA5169,"5169, SA",13.8186
POA5170,"5170, SA",6.5506
POA5171,"5171, SA",115.916
POA5172,"5172, SA",170.8568
POA5173,"5173, SA",29.1294
POA5174,"5174, SA",52.345
POA5201,"5201, SA",139.5274
POA5202,"5202, SA",159.1826
POA5203,"5203, SA",211.4116
POA5204,"5204, SA",296.6796
POA5210,"5210, SA",90.6108
POA5211,"5211, SA",459.0188
POA5212,"5212, SA",21.2672
POA5213,"5213, SA",35.456
POA5214,"5214, SA",272.024
POA5220,"5220, SA",2.8044
POA5221,"5221, SA",38.3922
POA5222,"5222, SA",385.7746
POA5223,"5223, SA",3973.767
POA5231,"5231, SA",99.4012
POA5232,"5232, SA",42.9974
POA5233,"5233, SA",77.5345
POA5234,"5234, SA",43.6525
POA5235,"5235, SA",383.4232
POA5236,"5236, SA",129.8575
POA5237,"5237, SA",198.108
POA5238,"5238, SA",1487.5633
POA5240,"5240, SA",22.0768
POA5241,"5241, SA",26.1921
POA5242,"5242, SA",31.6068
POA5243,"5243, SA",26.981
POA5244,"5244, SA",223.481
POA5245,"5245, SA",31.6551
POA5250,"5250, SA",15.1988
POA5251,"5251, SA",102.369
POA5252,"5252, SA",115.3918
POA5253,"5253, SA",874.8933
POA5254,"5254, SA",666.2306
POA5255,"5255, SA",818.4968
POA5256,"5256, SA",180.1728
POA5259,"5259, SA",1764.7897
POA5260,"5260, SA",285.3978
POA5261,"5261, SA",1136.2253
POA5262,"5262, SA",555.4355
POA5263,"5263, SA",110.6898
POA5264,"5264, SA",1656.9953
POA5265,"5265, SA",1080.5249
POA5266,"5266, SA",2013.9485
POA5267,"5267, SA",3257.9964
POA5268,"5268, SA",1753.5089
POA5269,"5269, SA",286.9416
POA5270,"5270, SA",531.5749
POA5271,"5271, SA",2741.1321
POA5272,"5272, SA",1923.2811
POA5273,"5273, SA",316.5935
POA5275,"5275, SA",3123.7224
POA5276,"5276, SA",543.9247
POA5277,"5277, SA",1201.5858
POA5278,"5278, SA",305.7036
POA5279,"5279, SA",473.5082
POA5280,"5280, SA",1958.323
POA5290,"5290, SA",26.7965
POA5291,"5291, SA",1741.1815
POA5301,"5301, SA",1980.3561
POA5302,"5302, SA",4004.2753
POA5303,"5303, SA",739.8952
POA5304,"5304, SA",1682.471
POA5306,"5306, SA",314.7244
POA5307,"5307, SA",1073.8818
POA5308,"5308, SA",1286.2452
POA5309,"5309, SA",1288.1845
POA5310,"5310, SA",443.0505
POA5311,"5311, SA",3234.6057
POA5320,"5320, SA",1820.4801
POA5321,"5321, SA",176.2185
POA5322,"5322, SA",91.681
POA5330,"5330, SA",1842.389
POA5331,"5331, SA",83.815
POA5332,"5332, SA",292.1294
POA5333,"5333, SA",720.6351
POA5340,"5340, SA",679.6897
POA5341,"5341, SA",479.9619
POA5342,"5342, SA",213.2351
POA5343,"5343, SA",202.1922
POA5344,"5344, SA",31.468
POA5345,"5345, SA",205.3057
POA5346,"5346, SA",15.3753
POA5350,"5350, SA",32.1523
POA5351,"5351, SA",284.0785
POA5352,"5352, SA",108.5768
POA5353,"5353, SA",1027.7626
POA5354,"5354, SA",891.3339
POA5355,"5355, SA",158.1546
POA5356,"5356, SA",666.0608
POA5357,"5357, SA",1117.9594
POA5360,"5360, SA",34.4409
POA5371,"5371, SA",112.6509
POA5372,"5372, SA",88.8786
POA5373,"5373, SA",453.1664
POA5374,"5374, SA",1373.3476
POA5381,"5381, SA",652.6147
POA5400,"5400, SA",171.4652
POA5401,"5401, SA",269.0932
POA5410,"5410, SA",88.1949
POA5411,"5411, SA",102.5527
POA5412,"5412, SA",218.3209
POA5413,"5413, SA",502.8396
POA5414,"5414, SA",93.3548
POA5415,"5415, SA",130.8943
POA5416,"5416, SA",167.9489
POA5417,"5417, SA",19250.0739
POA5418,"5418, SA",546.1272
POA5419,"5419, SA",1432.8203
POA5420,"5420, SA",279.6993
POA5421,"5421, SA",318.5731
POA5422,"5422, SA",3115.844
POA5431,"5431, SA",2402.9504
POA5432,"5432, SA",8075.8496
POA5433,"5433, SA",1490.1463
POA5434,"5434, SA",9367.7992
POA5440,"5440, SA",50272.1189
POA5451,"5451, SA",141.8682
POA5452,"5452, SA",70.8572
POA5453,"5453, SA",544.4627
POA5454,"5454, SA",545.5774
POA5455,"5455, SA",92.2952
POA5460,"5460, SA",313.4522
POA5461,"5461, SA",871.5763
POA5462,"5462, SA",159.1215
POA5464,"5464, SA",812.8317
POA5470,"5470, SA",180.8056
POA5471,"5471, SA",127.8191
POA5472,"5472, SA",172.3594
POA5473,"5473, SA",204.7636
POA5480,"5480, SA",256.6451
POA5481,"5481, SA",352.449
POA5482,"5482, SA",440.7632
POA5483,"5483, SA",328.6549
POA5485,"5485, SA",601.7359
POA5490,"5490, SA",262.8676
POA5491,"5491, SA",777.598
POA5493,"5493, SA",18.8997
POA5495,"5495, SA",548.9596
POA5501,"5501, SA",655.7071
POA5502,"5502, SA",356.5446
POA5510,"5510, SA",128.0996
POA5520,"5520, SA",516.7301
POA5521,"5521, SA",157.8364
POA5522,"5522, SA",378.4738
POA5523,"5523, SA",966.8183
POA5540,"5540, SA",746.8247
POA5550,"5550, SA",594.0299
POA5552,"5552, SA",585.505
POA5554,"5554, SA",431.7849
POA5555,"5555, SA",605.9659
POA5556,"5556, SA",146.5314
POA5558,"5558, SA",429.9849
POA5560,"5560, SA",363.8128
POA5570,"5570, SA",199.1415
POA5571,"5571, SA",523.3894
POA5572,"5572, SA",145.011
POA5573,"5573, SA",1116.713
POA5575,"5575, SA",1367.3234
POA5576,"5576, SA",474.9031
POA5577,"5577, SA",958.4969
POA5580,"5580, SA",303.4677
POA5581,"5581, SA",78.0889
POA5582,"5582, SA",60.8014
POA5583,"5583, SA",73.8878
POA5600,"5600, SA",7.4834
POA5601,"5601, SA",1077.4276
POA5602,"5602, SA",3268.8785
POA5603,"5603, SA",1596.9115
POA5604,"5604, SA",268.3582
POA5605,"5605, SA",593.6214
POA5606,"5606, SA",43.1102
POA5607,"5607, SA",6425.4928
POA5608,"5608, SA",30.3203
POA5609,"5609, SA",3.0669
POA5611,"5611, SA",4441.1343
POA5630,"5630, SA",261.0052
POA5631,"5631, SA",683.4725
POA5632,"5632, SA",839.6315
POA5633,"5633, SA",1180.1993
POA5640,"5640, SA",1185.2382
POA5641,"5641, SA",5586.1412
POA5642,"5642, SA",1840.0653
POA5650,"5650, SA",1115.3651
POA5651,"5651, SA",393.2341
POA5652,"5652, SA",844.3886
POA5653,"5653, SA",482.186
POA5654,"5654, SA",2855.7105
POA5655,"5655, SA",2572.3108
POA5660,"5660, SA",465.7152
POA5661,"5661, SA",1186.1577
POA5670,"5670, SA",3448.4145
POA5671,"5671, SA",1024.5239
POA5680,"5680, SA",6743.6481
POA5690,"5690, SA",191146.9986
POA5700,"5700, SA",1098.2879
POA5701,"5701, SA",179.1206
POA5710,"5710, SA",68.0933
POA5713,"5713, SA",14020.4814
POA5715,"5715, SA",7238.6761
POA5717,"5717, SA",27097.7527
POA5719,"5719, SA",30193.1935
POA5720,"5720, SA",28341.6471
POA5722,"5722, SA",23.8165
POA5723,"5723, SA",78520.4521
POA5724,"5724, SA",39211.1945
POA5725,"5725, SA",288.3624
POA5730,"5730, SA",5245.9302
POA5731,"5731, SA",70900.3407
POA5732,"5732, SA",10976.0128
POA5733,"5733, SA",70087.4897
POA5734,"5734, SA",65518.5933
POA5950,"5950, SA",7.2952
POA5000,"5000, SA",10.4824
POA5006,"5006, SA",5.0909
POA5007,"5007, SA",3.6054
POA5008,"5008, SA",6.1854
POA5009,"5009, SA",3.4541
POA5010,"5010, SA",5.8507
POA5011,"5011, SA",5.5124
POA5012,"5012, SA",4.3752
POA5013,"5013, SA",15.0913
POA5014,"5014, SA",6.1186
POA5015,"5015, SA",15.5784
POA6014,"6014, WA",9.5822
POA6015,"6015, WA",9.8073
POA6016,"6016, WA",3.1658
POA6017,"6017, WA",8.0995
POA6018,"6018, WA",18.7931
POA6019,"6019, WA",9.3713
POA6020,"6020, WA",12.8372
POA6021,"6021, WA",11.9028
POA6022,"6022, WA",3.3065
POA6023,"6023, WA",7.4473
POA6024,"6024, WA",8.5644
POA6025,"6025, WA",19.6966
POA6026,"6026, WA",15.4192
POA6027,"6027, WA",32.6881
POA6028,"6028, WA",11.7935
POA6029,"6029, WA",2.3777
POA6030,"6030, WA",24.0067
POA6031,"6031, WA",41.7401
POA6032,"6032, WA",40.0541
POA6033,"6033, WA",19.0897
POA6034,"6034, WA",15.4105
POA6035,"6035, WA",218.5206
POA6036,"6036, WA",8.9905
POA6037,"6037, WA",51.6258
POA6038,"6038, WA",17.2536
POA6041,"6041, WA",268.0224
POA6042,"6042, WA",12.8435
POA6043,"6043, WA",221.2678
POA6044,"6044, WA",654.143
POA6050,"6050, WA",6.3582
POA6051,"6051, WA",5.0047
POA6052,"6052, WA",5.1215
POA6053,"6053, WA",9.843
POA6054,"6054, WA",13.2011
POA6055,"6055, WA",58.81
POA6056,"6056, WA",102.5404
POA6057,"6057, WA",18.718
POA6058,"6058, WA",17.0785
POA6059,"6059, WA",10.7402
POA6060,"6060, WA",8.4538
POA6061,"6061, WA",16.2744
POA6062,"6062, WA",17.1885
POA6063,"6063, WA",9.1646
POA6064,"6064, WA",15.5884
POA6065,"6065, WA",49.6903
POA6066,"6066, WA",8.8563
POA6067,"6067, WA",15.6755
POA6068,"6068, WA",27.8788
POA6069,"6069, WA",69.3563
POA6070,"6070, WA",12.062
POA6071,"6071, WA",44.5963
POA6072,"6072, WA",5.8633
POA6073,"6073, WA",31.6307
POA6074,"6074, WA",169.4161
POA6076,"6076, WA",245.3351
POA6077,"6077, WA",33.4443
POA6078,"6078, WA",146.3766
POA6079,"6079, WA",105.1365
POA6081,"6081, WA",37.4572
POA6082,"6082, WA",76.1251
POA6083,"6083, WA",507.9764
POA6084,"6084, WA",635.2296
POA6090,"6090, WA",6.5793
POA6100,"6100, WA",7.5754
POA6101,"6101, WA",6.4031
POA6102,"6102, WA",7.0409
POA6103,"6103, WA",3.3407
POA6104,"6104, WA",10.7948
POA6105,"6105, WA",32.8387
POA6106,"6106, WA",8.314
POA6107,"6107, WA",37.5339
POA6108,"6108, WA",11.591
POA6109,"6109, WA",24.7843
POA6110,"6110, WA",62.0301
POA6111,"6111, WA",457.7821
POA6112,"6112, WA",135.2598
POA6121,"6121, WA",88.0008
POA6122,"6122, WA",123.3246
POA6123,"6123, WA",35.8428
POA6124,"6124, WA",256.3869
POA6125,"6125, WA",220.6073
POA6126,"6126, WA",180.6011
POA6147,"6147, WA",8.685
POA6148,"6148, WA",9.6116
POA6149,"6149, WA",11.6173
POA6150,"6150, WA",9.6981
POA6151,"6151, WA",7.7563
POA6152,"6152, WA",12.5505
POA6153,"6153, WA",9.126
POA6154,"6154, WA",5.533
POA6155,"6155, WA",34.0901
POA6156,"6156, WA",7.5866
POA6157,"6157, WA",6.2651
POA6158,"6158, WA",3.1384
POA6159,"6159, WA",3.6116
POA6160,"6160, WA",5.5346
POA6161,"6161, WA",19.2239
POA6162,"6162, WA",5.4319
POA6163,"6163, WA",42.731
POA6164,"6164, WA",78.4623
POA6165,"6165, WA",18.2523
POA6166,"6166, WA",35.3557
POA6167,"6167, WA",76.6403
POA6168,"6168, WA",49.0226
POA6169,"6169, WA",31.3418
POA6170,"6170, WA",25.1197
POA6171,"6171, WA",87.3153
POA6172,"6172, WA",21.2107
POA6173,"6173, WA",6.5448
POA6174,"6174, WA",4.4149
POA6175,"6175, WA",3.6112
POA6176,"6176, WA",32.2108
POA6180,"6180, WA",13.5708
POA6181,"6181, WA",9.052
POA6182,"6182, WA",22.0186
POA6207,"6207, WA",540.2147
POA6208,"6208, WA",485.6095
POA6209,"6209, WA",22.554
POA6210,"6210, WA",63.4012
POA6211,"6211, WA",98.2999
POA6213,"6213, WA",498.195
POA6214,"6214, WA",144.2855
POA6215,"6215, WA",831.8534
POA6218,"6218, WA",91.9458
POA6219,"6219, WA",82.8451
POA6220,"6220, WA",778.6938
POA6221,"6221, WA",317.5631
POA6223,"6223, WA",70.7741
POA6224,"6224, WA",120.5192
POA6225,"6225, WA",2920.936
POA6226,"6226, WA",95.065
POA6227,"6227, WA",40.4442
POA6228,"6228, WA",31.6676
POA6229,"6229, WA",18.6645
POA6230,"6230, WA",100.5368
POA6232,"6232, WA",8.2782
POA6233,"6233, WA",170.8181
POA6236,"6236, WA",432.335
POA6237,"6237, WA",289.5948
POA6239,"6239, WA",553.2522
POA6240,"6240, WA",44.7333
POA6243,"6243, WA",243.294
POA6244,"6244, WA",2363.7669
POA6251,"6251, WA",174.28
POA6252,"6252, WA",87.8886
POA6253,"6253, WA",264.8321
POA6254,"6254, WA",71.8219
POA6255,"6255, WA",731.2648
POA6256,"6256, WA",818.7282
POA6258,"6258, WA",2766.2331
POA6260,"6260, WA",1590.9792
POA6262,"6262, WA",1708.5685
POA6271,"6271, WA",208.8099
POA6275,"6275, WA",2607.692
POA6280,"6280, WA",871.7295
POA6281,"6281, WA",120.6492
POA6282,"6282, WA",94.6186
POA6284,"6284, WA",596.2035
POA6285,"6285, WA",843.1065
POA6286,"6286, WA",311.6193
POA6288,"6288, WA",388.0929
POA6290,"6290, WA",154.0756
POA6302,"6302, WA",2757.3969
POA6304,"6304, WA",1744.7142
POA6306,"6306, WA",2015.1931
POA6308,"6308, WA",2262.2507
POA6309,"6309, WA",444.0201
POA6311,"6311, WA",751.3168
POA6312,"6312, WA",1299.4421
POA6313,"6313, WA",542.3908
POA6315,"6315, WA",2699.8651
POA6316,"6316, WA",956.3503
POA6317,"6317, WA",1822.974
POA6318,"6318, WA",1172.9449
POA6320,"6320, WA",1436.7163
POA6321,"6321, WA",1207.8271
POA6322,"6322, WA",414.6848
POA6323,"6323, WA",386.6177
POA6324,"6324, WA",2719.1385
POA6326,"6326, WA",543.5275
POA6327,"6327, WA",270.28
POA6328,"6328, WA",2461.7753
POA6330,"6330, WA",1428.3566
POA6333,"6333, WA",1859.8487
POA6335,"6335, WA",1018.5857
POA6336,"6336, WA",2355.7587
POA6337,"6337, WA",3403.7417
POA6338,"6338, WA",3734.6507
POA6341,"6341, WA",1963.9221
POA6343,"6343, WA",3660.6597
POA6346,"6346, WA",7273.0478
POA6348,"6348, WA",538.349
POA6350,"6350, WA",485.7632
POA6351,"6351, WA",394.237
POA6352,"6352, WA",769.5016
POA6353,"6353, WA",3390.9953
POA6355,"6355, WA",6019.582
POA6356,"6356, WA",3563.1938
POA6357,"6357, WA",877.6261
POA6358,"6358, WA",1051.1574
POA6359,"6359, WA",5611.9857
POA6361,"6361, WA",448.7822
POA6363,"6363, WA",805.2949
POA6365,"6365, WA",1848.422
POA6367,"6367, WA",1186.2881
POA6368,"6368, WA",920.8954
POA6369,"6369, WA",2171.4935
POA6370,"6370, WA",996.7845
POA6372,"6372, WA",384.8013
POA6373,"6373, WA",559.0948
POA6375,"6375, WA",1708.1363
POA6383,"6383, WA",1797.2485
POA6384,"6384, WA",219.6783
POA6385,"6385, WA",342.9449
POA6386,"6386, WA",534.7377
POA6390,"6390, WA",2687.8869
POA6391,"6391, WA",2290.0975
POA6392,"6392, WA",1047.5695
POA6393,"6393, WA",329.2705
POA6394,"6394, WA",1568.5913
POA6395,"6395, WA",1816.903
POA6396,"6396, WA",1391.3439
POA6397,"6397, WA",882.6376
POA6398,"6398, WA",1646.3684
POA6401,"6401, WA",1369.5302
POA6403,"6403, WA",60.0858
POA6405,"6405, WA",750.1065
POA6407,"6407, WA",1112.3392
POA6409,"6409, WA",1101.692
POA6410,"6410, WA",982.8496
POA6411,"6411, WA",487.8053
POA6412,"6412, WA",444.7781
POA6413,"6413, WA",238.0088
POA6414,"6414, WA",184.6471
POA6415,"6415, WA",1687.8161
POA6418,"6418, WA",1107.8771
POA6419,"6419, WA",358.3108
POA6420,"6420, WA",978.6081
POA6421,"6421, WA",1246.3928
POA6422,"6422, WA",528.0006
POA6423,"6423, WA",1234.0872
POA6424,"6424, WA",1623.2244
POA6425,"6425, WA",1030.6138
POA6426,"6426, WA",19004.6679
POA6427,"6427, WA",527.564
POA6428,"6428, WA",380.8239
POA6429,"6429, WA",23101.1675
POA6430,"6430, WA",145.2704
POA6431,"6431, WA",107197.5149
POA6432,"6432, WA",17.0965
POA6434,"6434, WA",80290.7063
POA6436,"6436, WA",34758.7851
POA6437,"6437, WA",11582.6005
POA6438,"6438, WA",20332.4557
POA6440,"6440, WA",179993.971
POA6442,"6442, WA",225.8115
POA6443,"6443, WA",99857.0855
POA6445,"6445, WA",9695.4814
POA6446,"6446, WA",1481.5702
POA6447,"6447, WA",3578.9003
POA6448,"6448, WA",734.2044
POA6450,"6450, WA",13851.5461
POA6452,"6452, WA",18504.68
POA6460,"6460, WA",941.4056
POA6461,"6461, WA",648.8583
POA6462,"6462, WA",797.0484
POA6463,"6463, WA",174.927
POA6465,"6465, WA",417.1784
POA6466,"6466, WA",449.0598
POA6467,"6467, WA",342.5448
POA6468,"6468, WA",3111.7785
POA6470,"6470, WA",577.5903
POA6472,"6472, WA",7400.6898
POA6473,"6473, WA",1180.0273
POA6475,"6475, WA",2254.7227
POA6476,"6476, WA",806.4864
POA6477,"6477, WA",1248.1256
POA6479,"6479, WA",3965.8847
POA6480,"6480, WA",242.0522
POA6484,"6484, WA",8242.6947
POA6485,"6485, WA",1419.5614
POA6487,"6487, WA",463.0481
POA6488,"6488, WA",615.3741
POA6489,"6489, WA",572.7821
POA6490,"6490, WA",1166.0245
POA6501,"6501, WA",215.9524
POA6502,"6502, WA",464.7474
POA6503,"6503, WA",2267.3791
POA6504,"6504, WA",106.523
POA6505,"6505, WA",281.5417
POA6506,"6506, WA",250.2769
POA6507,"6507, WA",3002.0165
POA6509,"6509, WA",691.506
POA6510,"6510, WA",1463.4002
POA6511,"6511, WA",9.8572
POA6512,"6512, WA",566.0068
POA6513,"6513, WA",1174.9253
POA6514,"6514, WA",223.2321
POA6515,"6515, WA",2565.5482
POA6516,"6516, WA",525.8873
POA6517,"6517, WA",1464.2113
POA6518,"6518, WA",2405.9234
POA6519,"6519, WA",2656.6928
POA6521,"6521, WA",2958.5138
POA6522,"6522, WA",1934.8857
POA6525,"6525, WA",2369.3298
POA6528,"6528, WA",220.9371
POA6530,"6530, WA",127.2789
POA6532,"6532, WA",23479.2952
POA6535,"6535, WA",2596.627
POA6536,"6536, WA",3651.8525
POA6537,"6537, WA",4458.1095
POA6556,"6556, WA",197.3844
POA6558,"6558, WA",47.3168
POA6560,"6560, WA",55.1694
POA6562,"6562, WA",348.3701
POA6564,"6564, WA",48.3235
POA6566,"6566, WA",637.1436
POA6567,"6567, WA",523.4298
POA6568,"6568, WA",590.8465
POA6569,"6569, WA",653.1601
POA6571,"6571, WA",161.4917
POA6572,"6572, WA",173.4525
POA6574,"6574, WA",484.8706
POA6575,"6575, WA",696.6588
POA6603,"6603, WA",1725.7811
POA6605,"6605, WA",510.1765
POA6606,"6606, WA",781.2716
POA6608,"6608, WA",749.9267
POA6609,"6609, WA",1134.1823
POA6612,"6612, WA",12610.7729
POA6613,"6613, WA",572.1224
POA6614,"6614, WA",571.4311
POA6616,"6616, WA",662.4327
POA6620,"6620, WA",6297.7335
POA6623,"6623, WA",2853.6478
POA6625,"6625, WA",610.5013
POA6627,"6627, WA",816.2016
POA6628,"6628, WA",632.5737
POA6630,"6630, WA",30404.5646
POA6631,"6631, WA",2175.8133
POA6632,"6632, WA",1051.2994
POA6635,"6635, WA",28587.3729
POA6638,"6638, WA",13858.1182
POA6639,"6639, WA",32605.2912
POA6640,"6640, WA",20882.7935
POA6642,"6642, WA",100188.5478
POA6646,"6646, WA",181297.3382
POA6701,"6701, WA",55074.9342
POA6705,"6705, WA",57809.8737
POA6707,"6707, WA",5978.968
POA6710,"6710, WA",21755.6413
POA6712,"6712, WA",263.6601
POA6713,"6713, WA",134.6267
POA6714,"6714, WA",14823.7612
POA6716,"6716, WA",19482.5511
POA6718,"6718, WA",192.1505
POA6720,"6720, WA",67.2387
POA6721,"6721, WA",7890.6644
POA6722,"6722, WA",4872.0708
POA6725,"6725, WA",55384.2032
POA6726,"6726, WA",9.3448
POA6728,"6728, WA",101758.3095
POA6740,"6740, WA",58423.1396
POA6743,"6743, WA",59304.4106
POA6751,"6751, WA",59183.6116
POA6753,"6753, WA",28095.4685
POA6754,"6754, WA",153.1272
POA6758,"6758, WA",21883.0496
POA6760,"6760, WA",35025.6567
POA6762,"6762, WA",178407.8101
POA6765,"6765, WA",9040.6061
POA6770,"6770, WA",135325.0744
POA6000,"6000, WA",4.6082
POA6003,"6003, WA",0.8384
POA6004,"6004, WA",3.2049
POA6005,"6005, WA",6.3411
POA6006,"6006, WA",3.0669
POA6007,"6007, WA",2.9761
POA6008,"6008, WA",7.0905
POA6009,"6009, WA",9.7498
POA6010,"6010, WA",15.4324
POA6011,"6011, WA",4.8188
POA6012,"6012, WA",4.3472
POA7017,"7017, TAS",137.8192
POA7018,"7018, TAS",23.0912
POA7019,"7019, TAS",14.6762
POA7020,"7020, TAS",56.4144
POA7021,"7021, TAS",4.8376
POA7022,"7022, TAS",10.9785
POA7023,"7023, TAS",4.6425
POA7024,"7024, TAS",2.2327
POA7025,"7025, TAS",93.9067
POA7026,"7026, TAS",209.6857
POA7027,"7027, TAS",152.1166
POA7030,"7030, TAS",3309.9717
POA7050,"7050, TAS",38.6985
POA7052,"7052, TAS",6.2052
POA7053,"7053, TAS",8.0166
POA7054,"7054, TAS",308.276
POA7055,"7055, TAS",3.254
POA7109,"7109, TAS",1133.4356
POA7112,"7112, TAS",179.2618
POA7113,"7113, TAS",44.2294
POA7116,"7116, TAS",13222.5661
POA7117,"7117, TAS",48.3123
POA7119,"7119, TAS",45.0101
POA7120,"7120, TAS",1512.6641
POA7139,"7139, TAS",72.0034
POA7140,"7140, TAS",5233.2386
POA7150,"7150, TAS",503.6592
POA7155,"7155, TAS",14.9646
POA7162,"7162, TAS",24.3229
POA7163,"7163, TAS",21.3361
POA7170,"7170, TAS",93.1647
POA7171,"7171, TAS",31.5554
POA7172,"7172, TAS",241.9126
POA7173,"7173, TAS",114.874
POA7174,"7174, TAS",42.5297
POA7175,"7175, TAS",62.3831
POA7176,"7176, TAS",62.1658
POA7177,"7177, TAS",90.3882
POA7178,"7178, TAS",96.6914
POA7179,"7179, TAS",51.4124
POA7180,"7180, TAS",18.7249
POA7182,"7182, TAS",175.4638
POA7183,"7183, TAS",12.5638
POA7184,"7184, TAS",123.9962
POA7185,"7185, TAS",18.1584
POA7186,"7186, TAS",82.794
POA7187,"7187, TAS",26.6414
POA7190,"7190, TAS",1792.4606
POA7209,"7209, TAS",1072.9981
POA7210,"7210, TAS",1144.2133
POA7211,"7211, TAS",413.3688
POA7212,"7212, TAS",1082.652
POA7213,"7213, TAS",1061.0291
POA7214,"7214, TAS",1376.0028
POA7215,"7215, TAS",1041.001
POA7216,"7216, TAS",791.9211
POA7248,"7248, TAS",36.9022
POA7249,"7249, TAS",12.61
POA7250,"7250, TAS",174.1852
POA7252,"7252, TAS",496.59
POA7253,"7253, TAS",153.8115
POA7254,"7254, TAS",278.9994
POA7255,"7255, TAS",1416.2192
POA7256,"7256, TAS",1095.7407
POA7257,"7257, TAS",580.4052
POA7258,"7258, TAS",97.9701
POA7259,"7259, TAS",485.6861
POA7260,"7260, TAS",760.429
POA7261,"7261, TAS",81.7534
POA7262,"7262, TAS",717.5295
POA7263,"7263, TAS",352.3637
POA7264,"7264, TAS",1505.9856
POA7265,"7265, TAS",195.0655
POA7267,"7267, TAS",113.8586
POA7268,"7268, TAS",162.4062
POA7270,"7270, TAS",265.1619
POA7275,"7275, TAS",340.3103
POA7276,"7276, TAS",5.9926
POA7277,"7277, TAS",98.0652
POA7290,"7290, TAS",10.6892
POA7291,"7291, TAS",59.4922
POA7292,"7292, TAS",244.3005
POA7300,"7300, TAS",110.7076
POA7301,"7301, TAS",418.437
POA7302,"7302, TAS",676.5484
POA7303,"7303, TAS",295.7173
POA7304,"7304, TAS",3543.6698
POA7305,"7305, TAS",124.691
POA7306,"7306, TAS",1543.5003
POA7307,"7307, TAS",505.5675
POA7310,"7310, TAS",373.7057
POA7315,"7315, TAS",613.5895
POA7316,"7316, TAS",277.204
POA7320,"7320, TAS",32.2926
POA7321,"7321, TAS",2370.2862
POA7322,"7322, TAS",26.8891
POA7325,"7325, TAS",799.9329
POA7330,"7330, TAS",2296.0888
POA7331,"7331, TAS",18.0189
POA7466,"7466, TAS",68.8166
POA7467,"7467, TAS",144.0971
POA7468,"7468, TAS",309.9494
POA7469,"7469, TAS",5893.5125
POA7470,"7470, TAS",108.2441
POA7000,"7000, TAS",10.948
POA7004,"7004, TAS",9.8025
POA7005,"7005, TAS",8.3807
POA7007,"7007, TAS",6.4677
POA7008,"7008, TAS",12.1958
POA7009,"7009, TAS",8.4747
POA7010,"7010, TAS",17.2278
POA7011,"7011, TAS",27.2078
POA7012,"7012, TAS",33.4333
POA7015,"7015, TAS",15.3124
POA7016,"7016, TAS",13.2052
POA0836,"0836, NT",130.9305
POA0837,"0837, NT",130.7766
POA0838,"0838, NT",86.3366
POA0839,"0839, NT",1.1346
POA0840,"0840, NT",290.5631
POA0841,"0841, NT",142.2064
POA0845,"0845, NT",115.696
POA0846,"0846, NT",146.7377
POA0847,"0847, NT",402.0523
POA0850,"0850, NT",551.1508
POA0852,"0852, NT",441673.3068
POA0853,"0853, NT",106.2851
POA0854,"0854, NT",12.5634
POA0860,"0860, NT",42.0605
POA0862,"0862, NT",117528.152
POA0870,"0870, NT",59.6121
POA0873,"0873, NT",172.5253
POA0874,"0874, NT",72.1518
POA0875,"0875, NT",29.0124
POA0880,"0880, NT",88.6672
POA0885,"0885, NT",2.7429
POA0886,"0886, NT",13.5083
POA0820,"0820, NT",39.0642
POA0872,0872 crosses NT/SA/WA,989085.5326
POA0800,"0800, NT",3.1731
POA0810,"0810, NT",24.4283
POA0812,"0812, NT",35.8899
POA0822,"0822, NT",150775.803
POA0828,"0828, NT",28.6532
POA0829,"0829, NT",44.8402
POA0830,"0830, NT",235.004
POA0832,"0832, NT",19.7272
POA0834,"0834, NT",32.6302
POA0835,"0835, NT",76.8403
POA2617,"2617, ACT",37.0115
POA2900,"2900, ACT",101.0226
POA2902,"2902, ACT",11.3361
POA2903,"2903, ACT",6.484
POA2904,"2904, ACT",9.7514
POA2905,"2905, ACT",19.8141
POA2906,"2906, ACT",11.2186
POA2911,"2911, ACT",5.0536
POA2912,"2912, ACT",31.9188
POA2913,"2913, ACT",21.81
POA2914,"2914, ACT",16.4832
POA2600,"2600, ACT",23.345
POA2601,"2601, ACT",15.233
POA2602,"2602, ACT",21.9723
POA2611,2611 crosses ACT/NSW,1558.6312
POA2618,2618 crosses ACT/NSW,216.6295
POA2603,"2603, ACT",9.2066
POA2604,"2604, ACT",5.4946
POA2605,"2605, ACT",9.2938
POA2606,"2606, ACT",9.0325
POA2607,"2607, ACT",10.2741
POA2609,"2609, ACT",127.7951
POA2612,"2612, ACT",9.4532
POA2614,"2614, ACT",11.1345
POA2615,"2615, ACT",36.9984
POA6799,"6799, OT",13.7258
POA9494,No Usual Address (Aust.),0.0
POA2899,"2899, OT",38.651
POA6798,"6798, OT",136.1356
POA9797,Migratory - Offshore - Shipping (Aust.),0.0
