model,params,mean_test_score,std_test_score,rank_test_score,split0_test_score,split1_test_score,mean_fit_time,search
Random forest,"OrderedDict([('m__max_depth', 12), ('m__max_features', 0.7821805945418601), ('m__min_samples_leaf', 140)])",-0.5670431846724685,0.09086178742577025,13,-0.6579049720982387,-0.4761813972466982,4.1830116510391235,BayesSearchCV
Random forest,"OrderedDict([('m__max_depth', 21), ('m__max_features', 0.9066522219046897), ('m__min_samples_leaf', 48)])",-0.6063350466274271,0.14784994562136505,18,-0.7541849922487922,-0.4584851010060621,5.639102578163147,BayesSearchCV
Random forest,"OrderedDict([('m__max_depth', 12), ('m__max_features', 0.9349780173355018), ('m__min_samples_leaf', 18)])",-0.5985004038804105,0.13511074148965865,17,-0.7336111453700691,-0.4633896623907518,6.126081109046936,BayesSearchCV
Random forest,"OrderedDict([('m__max_depth', 20), ('m__max_features', 0.33749724911724854), ('m__min_samples_leaf', 91)])",-0.511488238437409,0.05534030386005365,3,-0.5668285422974626,-0.4561479345773553,2.6528160572052,BayesSearchCV
Random forest,"OrderedDict([('m__max_depth', 20), ('m__max_features', 0.5504233491527387), ('m__min_samples_leaf', 80)])",-0.5380161806710082,0.08063384207818311,7,-0.6186500227491913,-0.4573823385928251,4.0676106214523315,BayesSearchCV
Random forest,"OrderedDict([('m__max_depth', 18), ('m__max_features', 0.9514957900822174), ('m__min_samples_leaf', 27)])",-0.6136548908230302,0.1599450463107896,19,-0.7735999371338198,-0.4537098445122406,10.138792753219604,BayesSearchCV
Random forest,"OrderedDict([('m__max_depth', 16), ('m__max_features', 0.8202915030623061), ('m__min_samples_leaf', 56)])",-0.5858519418823229,0.12694348141394976,14,-0.7127954232962727,-0.45890846046837314,9.319409966468811,BayesSearchCV
Random forest,"OrderedDict([('m__max_depth', 14), ('m__max_features', 0.9360073811498533), ('m__min_samples_leaf', 76)])",-0.5956513870778604,0.12869661131438653,16,-0.7243479983922468,-0.4669547757634738,9.560522437095642,BayesSearchCV
Random forest,"OrderedDict([('m__max_depth', 23), ('m__max_features', 0.7604971556970928), ('m__min_samples_leaf', 131)])",-0.5642232450956401,0.09083199953443294,11,-0.655055244630073,-0.47339124556120715,7.752608060836792,BayesSearchCV
Random forest,"OrderedDict([('m__max_depth', 3), ('m__max_features', 0.8542640157310013), ('m__min_samples_leaf', 112)])",-0.5611078542220745,0.03400635540948238,9,-0.5951142096315569,-0.5271014988125922,4.444259524345398,BayesSearchCV
Random forest,"OrderedDict([('m__max_depth', 3), ('m__max_features', 0.2), ('m__min_samples_leaf', 3)])",-0.8904361425611125,0.012698395503205229,20,-0.9031345380643178,-0.8777377470579073,0.9189404249191284,BayesSearchCV
Random forest,"OrderedDict([('m__max_depth', 23), ('m__max_features', 0.3208489356696291), ('m__min_samples_leaf', 150)])",-0.5174425048170861,0.04362588689995486,4,-0.5610683917170409,-0.4738166179171312,3.116708993911743,BayesSearchCV
Random forest,"OrderedDict([('m__max_depth', 20), ('m__max_features', 0.2), ('m__min_samples_leaf', 150)])",-0.5397702524106682,0.038931324570401216,8,-0.5787015769810695,-0.5008389278402671,2.110569477081299,BayesSearchCV
Random forest,"OrderedDict([('m__max_depth', 22), ('m__max_features', 0.33339166641612245), ('m__min_samples_leaf', 3)])",-0.5109958827527089,0.08347129266730657,2,-0.5944671754200155,-0.42752459008540233,4.882030963897705,BayesSearchCV
Random forest,"OrderedDict([('m__max_depth', 24), ('m__max_features', 0.47600225085368647), ('m__min_samples_leaf', 3)])",-0.5290309464827713,0.0902794942658974,5,-0.6193104407486687,-0.4387514522168739,5.913132667541504,BayesSearchCV
Random forest,"OrderedDict([('m__max_depth', 3), ('m__max_features', 1.0), ('m__min_samples_leaf', 150)])",-0.5662097940104529,0.029723682369289295,12,-0.5959334763797423,-0.5364861116411637,3.5380959510803223,BayesSearchCV
Random forest,"OrderedDict([('m__max_depth', 24), ('m__max_features', 0.2), ('m__min_samples_leaf', 3)])",-0.47660076313856214,0.06000487821678105,1,-0.5366056413553432,-0.41659588492178107,2.8354105949401855,BayesSearchCV
Random forest,"OrderedDict([('m__max_depth', 14), ('m__max_features', 0.5456582881854704), ('m__min_samples_leaf', 67)])",-0.5317736879280615,0.07897809036350684,6,-0.6107517782915683,-0.4527955975645547,4.432667970657349,BayesSearchCV
Random forest,"OrderedDict([('m__max_depth', 14), ('m__max_features', 0.7084246019144642), ('m__min_samples_leaf', 97)])",-0.5614004614639988,0.09792771470752348,10,-0.6593281761715223,-0.4634727467564753,5.253991961479187,BayesSearchCV
Random forest,"OrderedDict([('m__max_depth', 20), ('m__max_features', 0.7892075494880277), ('m__min_samples_leaf', 37)])",-0.5873996204412657,0.13464359472696993,15,-0.7220432151682357,-0.4527560257142958,7.04011595249176,BayesSearchCV
