feature,cluster0_n,cluster1_n,cluster0_mean,cluster1_mean,cluster0_median,cluster1_median,standardized_mean_difference_c1_minus_c0
Median_rent_weekly,1329,393,324.507148,425.318066,320.000000,400.000000,0.937517
Median_mortgage_repay_monthly,1329,393,1660.667419,2205.147583,1625.000000,2152.000000,0.936981
Median_tot_hhd_inc_weekly,1329,393,1607.911964,1964.531807,1505.000000,1938.000000,0.693680
pop_density_per_sqkm,1329,393,771.610741,1630.752737,54.032874,1119.414333,0.608826
Median_age_persons,1329,393,43.358916,39.256997,42.000000,39.000000,-0.603569
Average_household_size,1329,393,2.464861,2.644529,2.400000,2.600000,0.589811
apartment_share,1329,393,0.063510,0.153172,0.013106,0.068966,0.588211
detached_share,1329,393,0.836848,0.719162,0.908481,0.780995,-0.585510
adoption_rate,1329,393,0.559534,0.420431,0.561404,0.414485,-0.546442
rented_share,1329,393,0.239514,0.297752,0.219078,0.284623,0.489414
owner_occupied_share,1329,393,0.718263,0.669602,0.734451,0.685895,-0.405564
